/*
SQLyog Ultimate v13.1.1 (64 bit)
MySQL - 10.4.21-MariaDB : Database - distribuidora_bd
*********************************************************************
*/

/*!40101 SET NAMES utf8 */;

/*!40101 SET SQL_MODE=''*/;

/*!40014 SET @OLD_UNIQUE_CHECKS=@@UNIQUE_CHECKS, UNIQUE_CHECKS=0 */;
/*!40014 SET @OLD_FOREIGN_KEY_CHECKS=@@FOREIGN_KEY_CHECKS, FOREIGN_KEY_CHECKS=0 */;
/*!40101 SET @OLD_SQL_MODE=@@SQL_MODE, SQL_MODE='NO_AUTO_VALUE_ON_ZERO' */;
/*!40111 SET @OLD_SQL_NOTES=@@SQL_NOTES, SQL_NOTES=0 */;
CREATE DATABASE /*!32312 IF NOT EXISTS*/`distribuidora_bd` /*!40100 DEFAULT CHARACTER SET utf8 */;

USE `distribuidora_bd`;

/*Table structure for table `ciudades` */

DROP TABLE IF EXISTS `ciudades`;

CREATE TABLE `ciudades` (
  `id` int(11) NOT NULL AUTO_INCREMENT,
  `ciudades` varchar(100) NOT NULL,
  `id_regiones` int(11) NOT NULL,
  PRIMARY KEY (`id`),
  KEY `region` (`id_regiones`),
  CONSTRAINT `ciudades_ibfk_1` FOREIGN KEY (`id_regiones`) REFERENCES `regiones` (`id`)
) ENGINE=InnoDB AUTO_INCREMENT=94 DEFAULT CHARSET=utf8;

/*Data for the table `ciudades` */

insert  into `ciudades`(`id`,`ciudades`,`id_regiones`) values 
(1,'Medellín',1),
(2,'Leticia',2),
(3,'Cali',3),
(4,'Barranquilla',4),
(5,'Arauca',5),
(6,'Arica',6),
(7,'Iquique',7),
(8,'Antofagasta',8),
(9,'Copiapo',9),
(10,'La serena',10),
(11,'Valparaiso',11),
(12,'Santiago',12),
(13,'Talca',13),
(14,'Concepcion',14),
(15,'Temuco',15),
(16,'Valdivia',16),
(17,'Puerto monte',17),
(18,'Chachapoyas',18),
(19,'Huaraz',19),
(20,'Abancay',20),
(21,'Arequipa',21),
(22,'Ayacucho',22),
(23,'Cajamarca',23),
(24,'Callao',24),
(25,'Cuzco',25),
(26,'Huancavelica',26),
(27,'Huanuco',27),
(28,'Ica',28),
(29,'Huancayo',29),
(30,'Trujillo',30),
(31,'Chiclayo',31),
(32,'Lima',32),
(33,'Iquitos',33),
(34,'Puerto maldonado',34),
(35,'Moquegua',35),
(36,'Cerro de pasco',36),
(37,'Piura',37),
(38,'Puno',38),
(39,'Moyobamba',39),
(40,'Tacna',40),
(41,'Tumbes',41),
(42,'Pucallpa',42),
(43,'Rio branco',43),
(44,'Maceio',44),
(45,'Macapa',45),
(46,'Manaus',46),
(47,'Salvador',47),
(48,'Fortaleza',48),
(49,'Brasilia',49),
(50,'Vitoria',50),
(51,'Goiania',51),
(52,'Sao luis',52),
(53,'Cuiaba',53),
(54,'Campo grande',54),
(55,'Belo horizonte',55),
(56,'Belem',56),
(57,'Joao pessoa',57),
(58,'Curitiba',58),
(59,'Recife',59),
(60,'Teresina',60),
(61,'Rio de janeiro',61),
(62,'Natal',62),
(63,'Porto alegre',63),
(64,'Porto velho',64),
(65,'Boa vista',65),
(66,'Florianopolis',66),
(67,'Sao paulo',67),
(68,'Aracaju',68),
(69,'Palmas',69),
(70,'Cuenca',70),
(71,'Guaranda',71),
(72,'Azogues',72),
(73,'Tulcan',73),
(74,'Riobamba',74),
(75,'Latacunga',75),
(76,'Machala',76),
(77,'Esmeraldas',77),
(78,'Puerto baquerizo moreno',78),
(79,'Guayaquil',79),
(80,'Ibarra',80),
(81,'Loja',81),
(82,'Babahoyo',82),
(83,'Portoviejo',83),
(84,'Macas',84),
(85,'Tena',85),
(86,'Puerto francisco de orellana',86),
(87,'Puyo',87),
(88,'Quito',88),
(89,'Santa elena',89),
(90,'Santo domingo de los colonos',90),
(91,'Nueva loja',91),
(92,'Ambato',92),
(93,'Zamora',93);

/*Table structure for table `clientes` */

DROP TABLE IF EXISTS `clientes`;

CREATE TABLE `clientes` (
  `id` int(11) NOT NULL AUTO_INCREMENT,
  `nombre` varchar(50) NOT NULL,
  `nit` int(11) NOT NULL,
  `nombre_representante` varchar(50) NOT NULL,
  `telefono` int(20) NOT NULL,
  PRIMARY KEY (`id`),
  CONSTRAINT `clientes_ibfk_1` FOREIGN KEY (`id`) REFERENCES `sucursales` (`id_clientes`)
) ENGINE=InnoDB AUTO_INCREMENT=421 DEFAULT CHARSET=utf8;

/*Data for the table `clientes` */

insert  into `clientes`(`id`,`nombre`,`nit`,`nombre_representante`,`telefono`) values 
(1,'Skyndu',84126,'Zelig Lomansey',2147483647),
(2,'Eazzy',12176,'Hans Duncklee',2147483647),
(3,'Latz',16314,'Jill Balfe',2147483647),
(4,'Realcube',2338,'Joletta Peasnone',2147483647),
(5,'Youspan',1710,'Demeter Kochl',2147483647),
(6,'Avaveo',87254,'Friedrich Nafziger',2147483647),
(7,'Youfeed',4843,'Kalila Simonitto',2147483647),
(8,'Twitterlist',35236,'Shani Lyford',2147483647),
(9,'Shufflebeat',13034,'Julee Emberton',2147483647),
(10,'Quimba',17739,'Dannel Ciottoi',2147483647),
(11,'Zoonoodle',25046,'Camel Kleehuhler',2147483647),
(12,'Quimba',23973,'Gigi Moro',2147483647),
(13,'Rhybox',84119,'Clarinda Cluett',2147483647),
(14,'Chatterpoint',221143,'Irv Ettritch',2147483647),
(15,'Youspan',58168,'Janeczka Tresise',2147483647),
(16,'Mycat',95121,'Konstance Flatman',2147483647),
(17,'Flashset',3618,'Keri Grzelczak',2147483647),
(18,'Riffpedia',247108,'Egor Delgua',2147483647),
(19,'Digitube',73208,'Adorne Parcall',2147483647),
(20,'Aimbu',13566,'Arliene Coupar',2147483647),
(21,'Feedfire',11518,'Sonia Phlipon',2147483647),
(22,'Twimbo',24152,'Ansley Turrill',2147483647),
(23,'Blogpad',129242,'Herculie Crisford',2147483647),
(24,'Topicshots',255191,'Fawnia Copnall',2147483647),
(25,'Babbleblab',134,'Gris Peres',2147483647),
(26,'Yakijo',5155,'Blondell Mansell',2147483647),
(27,'Kazu',58122,'Court Noblett',2147483647),
(28,'Babbleblab',1896,'Eb Parffrey',2147483647),
(29,'Trilith',1943,'Marena Aries',2147483647),
(30,'Photobug',180119,'Barron Byre',2147483647),
(31,'Kazu',11164,'Abbe Perigoe',2147483647),
(32,'Wordpedia',175246,'Kellie Obern',2147483647),
(33,'Flipstorm',6873,'Milicent Stobbs',2147483647),
(34,'Skyvu',109184,'Karil Dominelli',2147483647),
(35,'Thoughtstorm',14633,'Cecelia Maevela',2147483647),
(36,'Wordtune',129208,'Clywd Favell',2147483647),
(37,'Quimba',178138,'Sal Bolam',2147483647),
(38,'Tagopia',58240,'Bruis Posse',2147483647),
(39,'Tagpad',9918,'Bronnie Vauter',2147483647),
(40,'Oyoba',8447,'Ewart Sieur',2147483647),
(41,'Brainbox',62200,'Nathan Anthoney',2147483647),
(42,'Centizu',77224,'Ryan O\'Mullaney',2147483647),
(43,'Teklist',7630,'Clarabelle Parks',2147483647),
(44,'Dabtype',4371,'Obediah Whyteman',2147483647),
(45,'Rhycero',17843,'Franni Haycox',2147483647),
(46,'Skimia',115223,'Elroy Pohling',2035195420),
(47,'Edgewire',178127,'Garret Brigshaw',2147483647),
(48,'Ailane',1166,'Lee Le Grys',2147483647),
(49,'Shufflester',190215,'Israel Manvelle',2147483647),
(50,'Brightdog',73216,'Herbert Fautly',2147483647),
(51,'Browsedrive',177228,'Callida Castillou',2147483647),
(52,'Jamia',165241,'Antonius Berrick',2147483647),
(53,'Dabtype',14613,'Sebastian Reymers',2147483647),
(54,'Quatz',43211,'Nolie Harrop',2147483647),
(55,'Cogidoo',11195,'Marcela Pragnall',2147483647),
(56,'JumpXS',24228,'Kippie Marler',2147483647),
(57,'Aibox',16514,'Jehu Souza',2147483647),
(58,'Dynava',10267,'Sibylla Costen',1588937027),
(59,'Browsedrive',22114,'Melessa Kirstein',2147483647),
(60,'Jetpulse',131154,'Britta Finnis',2147483647),
(61,'Devpulse',177225,'Joan Wasbrough',2147483647),
(62,'Oyoyo',106223,'Maddy Craker',2147483647),
(63,'Tagchat',6196,'Carlen Cowdery',2108379660),
(64,'Wikivu',231231,'Star Oman',1483742159),
(65,'Quatz',162138,'Ozzie McGroarty',2147483647),
(66,'Quatz',195142,'Jereme Eldredge',2147483647),
(67,'Mydeo',17711,'Minta Gilkison',1912190891),
(68,'Youspan',208205,'Ginnifer Geist',2147483647),
(69,'Livefish',36180,'Quinn Aires',1473477494),
(70,'Flashpoint',68139,'Thea Clem',2147483647),
(71,'Edgetag',5218,'Patrizio Brogden',2147483647),
(72,'Livetube',48137,'Fons Harring',2147483647),
(73,'Topiclounge',38198,'Analiese Gallienne',2147483647),
(74,'Edgewire',61148,'Yorker Longhi',2147483647),
(75,'Aibox',89104,'Daisi Seddon',1347865488),
(76,'Fiveclub',1202,'Vladamir Carnoghan',2147483647),
(77,'Livefish',121136,'Kessiah Shaefer',2147483647),
(78,'Voomm',102177,'Worden Penman',2147483647),
(79,'Kazio',20052,'Marjy Court',2147483647),
(80,'Nlounge',239172,'Cirillo Loveredge',1117463246),
(81,'Realcube',25467,'Roz Quade',2147483647),
(82,'Zazio',13767,'Allx Sabbins',2147483647),
(83,'Edgepulse',717,'Stormi Broxup',2147483647),
(84,'Zava',25116,'Vere Turfs',2147483647),
(85,'Skyvu',56,'Carlotta Dunstone',2147483647),
(86,'Demimbu',203194,'Emmett Popplestone',2147483647),
(87,'Skinix',250122,'Lauren Le Grand',2147483647),
(88,'Mydeo',173139,'Trisha Kitchingman',1942634212),
(89,'Roombo',36185,'Tiffi Ingry',2147483647),
(90,'Flipbug',147236,'Corbet Stollenbecker',1438379519),
(91,'Lazzy',73167,'Rainer Diplock',2147483647),
(92,'Mybuzz',8223,'Beverly Corsor',2121894222),
(93,'Meeveo',77104,'Myrta Laidlow',2147483647),
(94,'Dabjam',118112,'Salomon Girardi',2147483647),
(95,'Yodel',500,'Irma Cuckson',2147483647),
(96,'Quimba',36188,'Mariel Froggatt',2147483647),
(97,'Rhycero',153104,'Marten Dunkerley',2147483647),
(98,'Skyndu',86183,'Davie Faichney',1919022814),
(99,'Midel',44216,'Bette-ann Karlolak',2147483647),
(100,'Lazzy',233217,'Garnet Keitch',2147483647),
(101,'Eire',21254,'Ulick McAvinchey',2147483647),
(102,'Reallinks',14977,'Napoleon Kestin',2147483647),
(103,'Oba',23820,'Benny Sweeney',2147483647),
(104,'Gabcube',123232,'Sammy Cowitz',2147483647),
(105,'Mydeo',138180,'Ulrica Yankov',2147483647),
(106,'Oba',10246,'Jannel Dael',2147483647),
(107,'Demivee',132196,'Lindsay Van der Baaren',2147483647),
(108,'Photobean',4467,'Prue Forge',2147483647),
(109,'Zoomlounge',69234,'Haily Rotte',2147483647),
(110,'Buzzbean',253128,'Hewett Penrose',2147483647),
(111,'Omba',223170,'Benoit Mallam',2147483647),
(112,'Tagfeed',70103,'Anya Beddall',2147483647),
(113,'Kare',17815,'Law Westcott',2147483647),
(114,'Cogibox',12511,'Rita Jozsika',2147483647),
(115,'Rhynyx',2102,'Abram Culross',2147483647),
(116,'Kwinu',24738,'Gasper Girsch',2147483647),
(117,'Topiclounge',8595,'Vanessa Dandy',2147483647),
(118,'Voonyx',119186,'Shermy Loverock',2147483647),
(119,'Dabfeed',75239,'Karry Knewstubb',2147483647),
(120,'Abata',182146,'Jenni Lauritzen',2147483647),
(121,'Oyoba',136196,'Kalvin Argue',2147483647),
(122,'Yozio',124132,'Hailee Antonich',2147483647),
(123,'Janyx',89234,'Kingston Heams',2147483647),
(124,'Yata',176130,'Mic Gainsborough',2147483647),
(125,'Gabvine',60220,'Charmian Dukesbury',2147483647),
(126,'Dynabox',2622,'Ethelin Southan',2147483647),
(127,'Oozz',25238,'Connor Roper',1068821968),
(128,'Lazz',212212,'Silas Bourcq',2147483647),
(129,'Browsecat',197225,'Edd Matias',1091154773),
(130,'Cogibox',22379,'My Pady',2147483647),
(131,'Zoombox',65254,'Lia Hamor',2147483647),
(132,'Shuffletag',2033,'Sena Dade',2147483647),
(133,'Devbug',144102,'Katuscha Cowdry',2147483647),
(134,'Gevee',225126,'Sibyl Flucker',2147483647),
(135,'Muxo',7351,'Wilie Selvey',2147483647),
(136,'Voonder',93197,'Fran Gipp',2147483647),
(137,'Youopia',20854,'Romona Ughelli',2147483647),
(138,'Voolia',209227,'Lory Udale',2147483647),
(139,'Oba',157162,'Henryetta Dun',2147483647),
(140,'Roodel',20088,'Marcile Regglar',2147483647),
(141,'Muxo',208122,'Nert Guislin',2147483647),
(142,'Eidel',4349,'Jordanna Boich',2147483647),
(143,'Edgeify',30146,'Simonne Gregs',2147483647),
(144,'Eimbee',2087,'Marcos Kohrsen',2147483647),
(145,'Lajo',209137,'Aura Isson',2147483647),
(146,'Tanoodle',162229,'Janessa Elcoux',2147483647),
(147,'Minyx',1190,'Rosalyn Nesbit',2147483647),
(148,'Dabvine',15193,'Caryn Killimister',2147483647),
(149,'Oyoloo',21667,'Robinet Gerrish',2147483647),
(150,'Kwideo',25383,'Petunia Taw',2147483647),
(151,'Topdrive',199148,'Ambrosio Pattesall',2147483647),
(152,'Eimbee',177100,'Donalt Trimbey',2147483647),
(153,'Midel',253113,'Lind Kestle',1144839397),
(154,'Yata',242143,'Page Daniellot',2147483647),
(155,'Trilith',140150,'Cherie Parsonage',2147483647),
(156,'Skalith',19755,'Jenna Filyaev',2147483647),
(157,'Eazzy',1321,'Kori Osant',2147483647),
(158,'Zoombeat',110163,'Debi Burgott',2147483647),
(159,'Wikido',172142,'Lauretta Rainy',2147483647),
(160,'Twinte',77228,'Reid Levinge',2147483647),
(161,'Mudo',6585,'Wendye Milward',1902764689),
(162,'Topicware',100103,'Madalena French',2147483647),
(163,'Voonyx',203166,'Madison Littlefield',2147483647),
(164,'Myworks',1469,'Sylvan Sirette',2147483647),
(165,'Quimm',1343,'Roley Champion',2147483647),
(166,'Jabbertype',73124,'Sigismund Caudrey',2147483647),
(167,'Kwilith',241239,'Reena Geach',2147483647),
(168,'Yadel',207212,'Ferdinand O\'Dare',2147483647),
(169,'Voonte',16888,'Aloin Bauldrey',2147483647),
(170,'Roombo',207131,'Emalia Revill',2147483647),
(171,'Realcube',20787,'Howey Novak',2147483647),
(172,'Twimm',204101,'Darbee Pearcehouse',2147483647),
(173,'Divape',44254,'Giulio Francescozzi',2147483647),
(174,'Trilia',58147,'Sutherlan Handslip',2147483647),
(175,'Kayveo',14029,'Kaila Norster',1268834937),
(176,'Twiyo',101254,'Susann Filippo',2147483647),
(177,'Thoughtmix',7614,'Arleyne Dunseith',1081676610),
(178,'Demivee',264,'Caprice Freschini',1198547455),
(179,'Quimm',7218,'Loree Andrzejczak',2147483647),
(180,'Feedmix',12103,'Lulita Mico',2147483647),
(181,'Fivespan',6874,'Lacy Hunstone',2147483647),
(182,'Bubblebox',132107,'Vanni Pepperrall',2015109463),
(183,'Realfire',10284,'Bax Ivanilov',2147483647),
(184,'Oloo',2461,'Jermaine Popov',2147483647),
(185,'Yakidoo',155198,'Di MacAne',2147483647),
(186,'Realpoint',102118,'Hallsy Zebedee',2147483647),
(187,'Brainlounge',63229,'Theodor Robel',2147483647),
(188,'Oba',25476,'Sharl Venn',2147483647),
(189,'Tagtune',8846,'James Bullent',2147483647),
(190,'Riffpath',174189,'Zackariah Weerdenburg',2147483647),
(191,'Buzzshare',20265,'Aleta Pepperill',2147483647),
(192,'Voonte',110118,'Jo Lingwood',2147483647),
(193,'Flashdog',42128,'Minda Valentin',2147483647),
(194,'Photofeed',40180,'Brendan Huzzay',2147483647),
(195,'Yata',126254,'Bobbye Swindlehurst',2147483647),
(196,'Wordtune',193247,'Dorothy Carn',1832642979),
(197,'Tagpad',2673,'Wilbert Roubay',2147483647),
(198,'Quimba',224193,'Emelia Godain',1553355096),
(199,'Devshare',20510,'Paddy Byre',2147483647),
(200,'Feednation',56109,'Montague Auchterlonie',2147483647),
(201,'Yabox',21164,'Devonna Scalia',2147483647),
(202,'Feedfire',1291,'Starr Wardington',2147483647),
(203,'Abata',254184,'Jerrold Farquharson',2147483647),
(204,'Edgeblab',229198,'Alejandro Canedo',2147483647),
(205,'Centizu',13762,'Nedi Glinde',2147483647),
(206,'Skynoodle',11220,'Tiffany Blacker',2147483647),
(207,'Yabox',151254,'Carley Van Daalen',2147483647),
(208,'Flashpoint',22145,'Gretchen Sheddan',2147483647),
(209,'Innojam',11113,'Samara Breeder',2147483647),
(210,'Tagopia',6788,'Dyanne Porte',2147483647),
(211,'Ntag',65106,'Jermaine Zappel',2147483647),
(212,'Thoughtstorm',114152,'Bernarr Flowers',2147483647),
(213,'Oyoba',16144,'Konrad Meritt',2147483647),
(214,'Tagfeed',6756,'Harmonia Gockelen',1408153121),
(215,'Bluejam',81190,'Cody Mustard',2147483647),
(216,'Jayo',185150,'Edwina Stanning',2147483647),
(217,'Thoughtworks',143186,'Myrilla McReidy',2116549307),
(218,'Skyndu',30173,'Kelcey Crichmere',2147483647),
(219,'Edgewire',5832,'Ardyce Dumbrall',2147483647),
(220,'Kwimbee',207203,'Hollis Staker',2147483647),
(221,'Mycat',20253,'Godiva Guyot',2147483647),
(222,'Rhynyx',45253,'Pincas Darkott',1576788708),
(223,'Twitterwire',2238,'Arnold Trump',1331337526),
(224,'Leexo',15787,'Crissy Pleven',2147483647),
(225,'Meemm',114107,'Marielle Milton',2147483647),
(226,'Zazio',250246,'Laurent Erasmus',1806490356),
(227,'Tagpad',84160,'Darren Laydon',2147483647),
(228,'Realbuzz',208134,'Any Dietsche',2147483647),
(229,'Skyndu',176106,'Melantha Devenport',2147483647),
(230,'Babbleopia',11886,'Les Filippo',2147483647),
(231,'Photobug',1213,'Ximenes Fontin',2147483647),
(232,'Jayo',49176,'Ambros Silkstone',2147483647),
(233,'Mydeo',188240,'Theressa Rickcord',2028467249),
(234,'Edgeclub',5434,'Moss Fruen',2147483647),
(235,'Mydo',141203,'Davin Yushkov',2147483647),
(236,'Camimbo',4933,'Tonya Sargent',2147483647),
(237,'Skipstorm',249238,'Iormina McCamish',2147483647),
(238,'Skimia',16881,'Agnes Tilliards',2147483647),
(239,'Linkbridge',4296,'Pepi Wildblood',2147483647),
(240,'Meevee',9957,'Nanine Kann',2147483647),
(241,'Dabshots',166118,'Kristian Skellion',2147483647),
(242,'Photospace',8949,'Karlens McGebenay',2147483647),
(243,'Shuffledrive',249116,'Jeannine Cutmere',2147483647),
(244,'Fadeo',251134,'Gradeigh Quantrell',2147483647),
(245,'Oodoo',7236,'Melicent Baldelli',2147483647),
(246,'Zoozzy',9184,'Paulo Wordsworth',2147483647),
(247,'Kwilith',6255,'Harlen Antonoczyk',2147483647),
(248,'Snaptags',5952,'Percival Cianni',2147483647),
(249,'Cogilith',248114,'Daisey Emanuelli',2147483647),
(250,'Meetz',169241,'Dre Fist',2147483647),
(251,'Jaxspan',7388,'Torie McIlroy',2147483647),
(252,'Eamia',192212,'Jobie Pearch',2147483647),
(253,'Kayveo',11652,'Caterina Swinfen',2147483647),
(254,'Youbridge',203227,'Alisun Ettridge',2147483647),
(255,'Brainbox',20383,'Lemar Smiths',2147483647),
(256,'Voolith',237252,'Polly Idenden',2147483647),
(257,'Centizu',5694,'Gretel Feldhuhn',2147483647),
(258,'Abata',21562,'Dimitri Rackstraw',2147483647),
(259,'Skyndu',2454,'Creight Mapholm',2147483647),
(260,'Mymm',103224,'Rorie Hemphill',2147483647),
(261,'Eadel',14144,'Mikael Beynkn',2147483647),
(262,'Quinu',35232,'Rochester Redwood',2141491238),
(263,'Blogspan',64211,'Gerick BoHlingolsen',2147483647),
(264,'Twitterbeat',5648,'Petronille Bartosiak',1771967457),
(265,'Abata',9873,'Liliane Bitterton',2147483647),
(266,'Zoonder',11090,'Trudi Gerhartz',2147483647),
(267,'Babbleblab',196225,'Silvano Mirams',2147483647),
(268,'Fivebridge',10776,'Francois Mordon',2147483647),
(269,'Centizu',175170,'Hamilton Lifsey',2147483647),
(270,'Jabbersphere',218188,'Englebert Goade',1331848600),
(271,'Rhybox',167151,'Anna Barnbrook',2147483647),
(272,'Zoombeat',221,'Findley Copnar',2147483647),
(273,'Centizu',7234,'Roxi Mullany',2147483647),
(274,'Jetpulse',20719,'Manuel Bleackly',2147483647),
(275,'Voonix',23472,'Dru But',2147483647),
(276,'Linkbuzz',83174,'Myles Cheek',2147483647),
(277,'Bubblemix',2677,'Else Flancinbaum',2147483647),
(278,'Snaptags',12282,'Hirsch Panks',2147483647),
(279,'Voonix',160103,'Xymenes Micklewicz',2147483647),
(280,'Gabtune',11758,'Wilona Corneljes',2147483647),
(281,'Skiptube',11180,'Vladamir Kelle',2147483647),
(282,'Trupe',20238,'Shena Kenrack',1136926219),
(283,'Cogidoo',244145,'Warren Moverley',2147483647),
(284,'Npath',20210,'Beatrice Dachs',2147483647),
(285,'Skipstorm',93140,'Codi Cowp',2147483647),
(286,'Dablist',1140,'Rollin Bridgewater',2147483647),
(287,'Shufflester',60144,'Vance Cripwell',2004188846),
(288,'Jazzy',12743,'Jenine Abbie',2147483647),
(289,'Teklist',86110,'Ambur Redish',2147483647),
(290,'Mymm',39159,'Olive Beranek',2147483647),
(291,'Kare',162170,'Jarad Oakton',2147483647),
(292,'Agivu',1322,'Rhona Salleir',2147483647),
(293,'Photolist',196136,'Lorrie Nazer',1989045195),
(294,'Rhyzio',526,'Simon Follin',2147483647),
(295,'Yadel',46132,'Korney Heap',2147483647),
(296,'Edgeblab',220199,'Shea Burnsall',2147483647),
(297,'Oyonder',182252,'Latrena Mitskevich',2147483647),
(298,'Jabberbean',16437,'Jerrilee Mosdall',1851887095),
(299,'Youbridge',101188,'Holt Witt',1217691158),
(300,'Meeveo',2170,'Leonelle Berzen',2147483647),
(301,'Zazio',2220,'Virgie Stefi',2147483647),
(302,'Edgepulse',145216,'Pier Vardie',2147483647),
(303,'Abata',1379,'Mollie Aloshikin',2147483647),
(304,'Mybuzz',178,'Townsend Wilkisson',2147483647),
(305,'Bluezoom',23245,'Francyne McEvon',2147483647),
(306,'Voolith',13676,'Wendall Rawls',2147483647),
(307,'Edgetag',130114,'Alida Medmore',2147483647),
(308,'Mycat',1166,'Farah Kearn',2147483647),
(309,'Browsebug',12744,'Meghann Karleman',2147483647),
(310,'Meetz',14817,'Brent Lytlle',2147483647),
(311,'Thoughtsphere',11882,'Stevena Van der Mark',2147483647),
(312,'Trudoo',95247,'Mariejeanne Birchett',2147483647),
(313,'Skyvu',113112,'Ailsun Margetts',2147483647),
(314,'Digitube',206252,'Toby Davy',2147483647),
(315,'Trudoo',190150,'Lauri Hubner',1541847237),
(316,'Realfire',24669,'Nichol Tchir',2147483647),
(317,'Fiveclub',11033,'Kali Rabb',2147483647),
(318,'Feedmix',21362,'Melamie Lindmark',2147483647),
(319,'Dynava',10618,'Dori Grimwade',2147483647),
(320,'Avaveo',151149,'Lloyd McCalister',2147483647),
(321,'Jabbertype',2165,'Kaylil Gumb',2147483647),
(322,'Skinix',13619,'Jorrie Taggart',2147483647),
(323,'Meedoo',1941,'Sander Holberry',2147483647),
(324,'Zava',22125,'Batholomew Strafford',2147483647),
(325,'Dazzlesphere',146187,'Powell Wales',2147483647),
(326,'Dynazzy',160214,'Finley Siggery',2147483647),
(327,'Abatz',160161,'Elsbeth Hanson',2147483647),
(328,'Eare',12324,'Tasha Fronks',2146678436),
(329,'Skinix',14176,'Inness Boscott',2147483647),
(330,'Plambee',4875,'Jacquie Dionsetto',2147483647),
(331,'Camido',231110,'Edik Damiral',2147483647),
(332,'Blognation',11498,'Derry Nan Carrow',2147483647),
(333,'Eayo',6085,'Bradan Quenell',2147483647),
(334,'Topiczoom',214136,'Bartholemy Manuel',2147483647),
(335,'Tagopia',9554,'Cindee Arrighi',1786777893),
(336,'Mudo',131156,'Hermione Valiant',2147483647),
(337,'Twimm',14052,'Cammy Labon',2147483647),
(338,'Gigazoom',216183,'Ches Boards',2147483647),
(339,'Tazzy',128129,'Franklyn Whiley',1222426771),
(340,'Zoonoodle',168166,'Adriana Ends',2147483647),
(341,'Youspan',2912,'Star Enderle',2147483647),
(342,'Skivee',19219,'Trudi Boken',1718359789),
(343,'Kare',29254,'Waldemar Peter',2147483647),
(344,'Quire',138177,'Betsey Hurry',2147483647),
(345,'Meetz',515,'Martie Otteridge',2147483647),
(346,'Tambee',16714,'Ermentrude Harrington',2147483647),
(347,'Buzzdog',2118,'Marty Kirkpatrick',2147483647),
(348,'Photobug',240142,'Lizette Adamsson',2147483647),
(349,'Pixoboo',1979,'Alexandro Atchly',2147483647),
(350,'Browsezoom',25227,'Rebecca Verni',2147483647),
(351,'Katz',155233,'Kirstyn Monketon',2147483647),
(352,'Youspan',216223,'Del Skillett',1135442927),
(353,'Oyoba',235196,'Minna Futty',2147483647),
(354,'Topicstorm',15410,'Avram Gadaud',2147483647),
(355,'Rooxo',4374,'Margeaux Puttrell',2147483647),
(356,'Npath',109104,'Dagmar Dive',2147483647),
(357,'Youspan',11249,'Vassili Mitcham',2147483647),
(358,'Feedmix',69189,'Shina Slafford',2147483647),
(359,'Oloo',255249,'Benjamen Bockh',2147483647),
(360,'Wikizz',29234,'Donal McVeigh',2147483647),
(361,'Yakitri',133174,'Evey Ferrant',2147483647),
(362,'Yakijo',5261,'Deana Haddow',2147483647),
(363,'Yakitri',154230,'Junette Flounders',2147483647),
(364,'Riffpedia',5625,'Honor Grigoroni',1446849425),
(365,'Trilia',226150,'Harrie Gascar',2147483647),
(366,'Chatterbridge',34216,'Liv Grishaev',2147483647),
(367,'Devbug',211137,'Kennett Choulerton',2147483647),
(368,'Twimbo',74244,'Aaren Scade',2147483647),
(369,'Meejo',19810,'Terese Sandy',2147483647),
(370,'Zoomlounge',4917,'Brose Brimmell',2147483647),
(371,'Skinte',203112,'Rosamund Pock',2147483647),
(372,'Digitube',7437,'Neila Lashmore',2147483647),
(373,'Edgeify',48187,'Jorgan Britee',2147483647),
(374,'Tagopia',133222,'Rosette Satterfitt',2147483647),
(375,'Wikizz',12176,'Devy Strowan',2147483647),
(376,'Brainlounge',24735,'Fredrika Pitkaithly',2147483647),
(377,'Riffpath',138,'Mac Rakes',2033216441),
(378,'Devify',83200,'Willa Labin',2147483647),
(379,'Twiyo',171162,'Geordie Slater',2147483647),
(380,'Thoughtblab',113248,'Marcile Neill',2147483647),
(381,'Thoughtblab',83226,'Burton Barefoot',2147483647),
(382,'Gabtune',3829,'Deane Langelay',2147483647),
(383,'Skippad',118250,'Zollie Achurch',2147483647),
(384,'Shufflebeat',19251,'Brucie Archibold',2147483647),
(385,'Dazzlesphere',5182,'Abie Ginity',2147483647),
(386,'Yotz',14864,'Briny Ucceli',2147483647),
(387,'Meemm',25098,'Ignazio Caton',2147483647),
(388,'Jaloo',69170,'Aleen Lintot',2147483647),
(389,'Flipbug',106185,'Lulita Claw',2147483647),
(390,'Yoveo',150135,'Dina Bezant',1218611791),
(391,'Feednation',64159,'Gene Handrock',2147483647),
(392,'Muxo',16739,'Stefan Haxby',2147483647),
(393,'Wordtune',107227,'Randie Dumingos',2147483647),
(394,'Fivechat',74138,'Juliann Gabbotts',2147483647),
(395,'Mybuzz',7240,'Matt Bunce',1589035921),
(396,'Gabtype',15560,'Starlin Grishinov',2147483647),
(397,'Zoozzy',1034,'Val Pentecust',2147483647),
(398,'Oyope',118205,'Rosella Gaytor',2147483647),
(399,'Mycat',211231,'Philippa Sails',2147483647),
(400,'Skyndu',225235,'Hector Bobasch',2147483647),
(401,'Gabtune',12016,'Herminia Balwin',2147483647),
(402,'Voomm',117106,'Fredericka Loynton',2147483647),
(403,'Voonte',62242,'Eleni Van Castele',2147483647),
(404,'Cogilith',11657,'Oran Foxen',1903257536),
(405,'Realblab',125101,'Amelina Snookes',2147483647),
(406,'Gigazoom',252216,'Goddard Ligerton',2147483647),
(407,'Avamm',7490,'Roarke Nowaczyk',2147483647),
(408,'Blogpad',12883,'Dominique MacAvaddy',2147483647),
(409,'Babbleset',176198,'Gipsy Nossent',2147483647),
(410,'Zoozzy',9972,'Dottie Hallbord',2147483647),
(411,'Oyope',64157,'Charita Merrikin',2147483647),
(412,'Bubbletube',18428,'Torre Camerati',2147483647),
(413,'Browsetype',104157,'Mariska Sivyour',2147483647),
(414,'Divanoodle',21538,'Kelli Trusslove',2147483647),
(415,'Dynabox',21099,'Karlen Battie',2147483647),
(416,'Skyba',113181,'Valencia Twigley',2147483647),
(417,'Skynoodle',4425,'Arabela Farndon',2147483647),
(418,'Shuffledrive',5199,'Gunter Mattack',2147483647),
(419,'Pixoboo',50225,'Melisande Jordon',2147483647),
(420,'Flashpoint',178223,'Delcine Redferne',2147483647);

/*Table structure for table `clientes_personal` */

DROP TABLE IF EXISTS `clientes_personal`;

CREATE TABLE `clientes_personal` (
  `id` int(11) NOT NULL AUTO_INCREMENT,
  `id_clientes` int(11) NOT NULL,
  `id_personal` int(11) NOT NULL,
  PRIMARY KEY (`id`),
  KEY `id_clientes` (`id_clientes`),
  KEY `id_personal_distribuidora` (`id_personal`),
  CONSTRAINT `clientes_personal_ibfk_1` FOREIGN KEY (`id_clientes`) REFERENCES `clientes` (`id`),
  CONSTRAINT `clientes_personal_ibfk_2` FOREIGN KEY (`id_personal`) REFERENCES `personal` (`id`)
) ENGINE=InnoDB AUTO_INCREMENT=1001 DEFAULT CHARSET=utf8;

/*Data for the table `clientes_personal` */

insert  into `clientes_personal`(`id`,`id_clientes`,`id_personal`) values 
(1,1,1),
(2,2,2),
(3,3,3),
(4,4,4),
(5,5,5),
(6,6,6),
(7,7,7),
(8,8,8),
(9,9,9),
(10,10,10),
(11,11,11),
(12,12,12),
(13,13,13),
(14,14,14),
(15,15,15),
(16,16,16),
(17,17,17),
(18,18,18),
(19,19,19),
(20,20,20),
(21,21,21),
(22,22,22),
(23,23,23),
(24,24,24),
(25,25,25),
(26,26,26),
(27,27,27),
(28,28,28),
(29,29,29),
(30,30,30),
(31,31,31),
(32,32,32),
(33,33,33),
(34,34,34),
(35,35,35),
(36,36,36),
(37,37,37),
(38,38,38),
(39,39,39),
(40,40,40),
(41,41,41),
(42,42,42),
(43,43,43),
(44,44,44),
(45,45,45),
(46,46,46),
(47,47,47),
(48,48,48),
(49,49,49),
(50,50,50),
(51,51,51),
(52,52,52),
(53,53,53),
(54,54,54),
(55,55,55),
(56,56,56),
(57,57,57),
(58,58,58),
(59,59,59),
(60,60,60),
(61,61,61),
(62,62,62),
(63,63,63),
(64,64,64),
(65,65,65),
(66,66,66),
(67,67,67),
(68,68,68),
(69,69,69),
(70,70,70),
(71,71,71),
(72,72,72),
(73,73,73),
(74,74,74),
(75,75,75),
(76,76,76),
(77,77,77),
(78,78,78),
(79,79,79),
(80,80,80),
(81,81,81),
(82,82,82),
(83,83,83),
(84,84,84),
(85,85,85),
(86,86,86),
(87,87,87),
(88,88,88),
(89,89,89),
(90,90,90),
(91,91,91),
(92,92,92),
(93,93,93),
(94,94,94),
(95,95,95),
(96,96,96),
(97,97,97),
(98,98,98),
(99,99,99),
(100,100,100),
(101,101,101),
(102,102,102),
(103,103,103),
(104,104,104),
(105,105,105),
(106,106,106),
(107,107,107),
(108,108,108),
(109,109,109),
(110,110,110),
(111,111,111),
(112,112,112),
(113,113,113),
(114,114,114),
(115,115,115),
(116,116,116),
(117,117,117),
(118,118,118),
(119,119,119),
(120,120,120),
(121,121,121),
(122,122,122),
(123,123,123),
(124,124,124),
(125,125,125),
(126,126,126),
(127,127,127),
(128,128,128),
(129,129,129),
(130,130,130),
(131,131,131),
(132,132,132),
(133,133,133),
(134,134,134),
(135,135,135),
(136,136,136),
(137,137,137),
(138,138,138),
(139,139,139),
(140,140,140),
(141,141,141),
(142,142,142),
(143,143,143),
(144,144,144),
(145,145,145),
(146,146,146),
(147,147,147),
(148,148,148),
(149,149,149),
(150,150,150),
(151,151,151),
(152,152,152),
(153,153,153),
(154,154,154),
(155,155,155),
(156,156,156),
(157,157,157),
(158,158,158),
(159,159,159),
(160,160,160),
(161,161,161),
(162,162,162),
(163,163,163),
(164,164,164),
(165,165,165),
(166,166,166),
(167,167,167),
(168,168,168),
(169,169,169),
(170,170,170),
(171,171,171),
(172,172,172),
(173,173,173),
(174,174,174),
(175,175,175),
(176,176,176),
(177,177,177),
(178,178,178),
(179,179,179),
(180,180,180),
(181,181,181),
(182,182,182),
(183,183,183),
(184,184,184),
(185,185,185),
(186,186,186),
(187,187,187),
(188,188,188),
(189,189,189),
(190,190,190),
(191,191,191),
(192,192,192),
(193,193,193),
(194,194,194),
(195,195,195),
(196,196,196),
(197,197,197),
(198,198,198),
(199,199,199),
(200,200,200),
(201,201,201),
(202,202,202),
(203,203,203),
(204,204,204),
(205,205,205),
(206,206,206),
(207,207,207),
(208,208,208),
(209,209,209),
(210,210,210),
(211,211,211),
(212,212,212),
(213,213,213),
(214,214,214),
(215,215,215),
(216,216,216),
(217,217,217),
(218,218,218),
(219,219,219),
(220,220,220),
(221,221,221),
(222,222,222),
(223,223,223),
(224,224,224),
(225,225,225),
(226,226,226),
(227,227,227),
(228,228,228),
(229,229,229),
(230,230,230),
(231,231,231),
(232,232,232),
(233,233,233),
(234,234,234),
(235,235,235),
(236,236,236),
(237,237,237),
(238,238,238),
(239,239,239),
(240,240,240),
(241,241,241),
(242,242,242),
(243,243,243),
(244,244,244),
(245,245,245),
(246,246,246),
(247,247,247),
(248,248,248),
(249,249,249),
(250,250,250),
(251,251,251),
(252,252,252),
(253,253,253),
(254,254,254),
(255,255,255),
(256,256,256),
(257,257,257),
(258,258,258),
(259,259,259),
(260,260,260),
(261,261,261),
(262,262,262),
(263,263,263),
(264,264,264),
(265,265,265),
(266,266,266),
(267,267,267),
(268,268,268),
(269,269,269),
(270,270,270),
(271,271,271),
(272,272,272),
(273,273,273),
(274,274,274),
(275,275,275),
(276,276,276),
(277,277,277),
(278,278,278),
(279,279,279),
(280,280,280),
(281,281,281),
(282,282,282),
(283,283,283),
(284,284,284),
(285,285,285),
(286,286,286),
(287,287,287),
(288,288,288),
(289,289,289),
(290,290,290),
(291,291,291),
(292,292,292),
(293,293,293),
(294,294,294),
(295,295,295),
(296,296,296),
(297,297,297),
(298,298,298),
(299,299,299),
(300,300,300),
(301,301,301),
(302,302,302),
(303,303,303),
(304,304,304),
(305,305,305),
(306,306,306),
(307,307,307),
(308,308,308),
(309,309,309),
(310,310,310),
(311,311,311),
(312,312,312),
(313,313,313),
(314,314,314),
(315,315,315),
(316,316,316),
(317,317,317),
(318,318,318),
(319,319,319),
(320,320,320),
(321,321,321),
(322,322,322),
(323,323,323),
(324,324,324),
(325,325,325),
(326,326,326),
(327,327,327),
(328,328,328),
(329,329,329),
(330,330,330),
(331,331,331),
(332,332,332),
(333,333,333),
(334,334,334),
(335,335,335),
(336,336,336),
(337,337,337),
(338,338,338),
(339,339,339),
(340,340,340),
(341,341,341),
(342,342,342),
(343,343,343),
(344,344,344),
(345,345,345),
(346,346,346),
(347,347,347),
(348,348,348),
(349,349,349),
(350,350,350),
(351,351,351),
(352,352,352),
(353,353,353),
(354,354,354),
(355,355,355),
(356,356,356),
(357,357,357),
(358,358,358),
(359,359,359),
(360,360,360),
(361,361,361),
(362,362,362),
(363,363,363),
(364,364,364),
(365,365,365),
(366,366,366),
(367,367,367),
(368,368,368),
(369,369,369),
(370,370,370),
(371,371,371),
(372,372,372),
(373,373,373),
(374,374,374),
(375,375,375),
(376,376,376),
(377,377,377),
(378,378,378),
(379,379,379),
(380,380,380),
(381,381,381),
(382,382,382),
(383,383,383),
(384,384,384),
(385,385,385),
(386,386,386),
(387,387,387),
(388,388,388),
(389,389,389),
(390,390,390),
(391,391,391),
(392,392,392),
(393,393,393),
(394,394,394),
(395,395,395),
(396,396,396),
(397,397,397),
(398,398,398),
(399,399,399),
(400,400,400),
(401,401,401),
(402,402,402),
(403,403,403),
(404,404,404),
(405,405,405),
(406,406,406),
(407,407,407),
(408,408,408),
(409,409,409),
(410,410,410),
(411,411,411),
(412,412,412),
(413,413,413),
(414,414,414),
(415,415,415),
(416,416,416),
(417,417,417),
(418,418,418),
(419,419,419),
(420,420,420),
(421,1,421),
(422,2,422),
(423,3,423),
(424,4,424),
(425,5,425),
(426,6,426),
(427,7,427),
(428,8,428),
(429,9,429),
(430,10,430),
(431,11,431),
(432,12,432),
(433,13,433),
(434,14,434),
(435,15,435),
(436,16,436),
(437,17,437),
(438,18,438),
(439,19,439),
(440,20,440),
(441,21,441),
(442,22,442),
(443,23,443),
(444,24,444),
(445,25,445),
(446,26,446),
(447,27,447),
(448,28,448),
(449,29,449),
(450,30,450),
(451,31,451),
(452,32,452),
(453,33,453),
(454,34,454),
(455,35,455),
(456,36,456),
(457,37,457),
(458,38,458),
(459,39,459),
(460,40,460),
(461,41,461),
(462,42,462),
(463,43,463),
(464,44,464),
(465,45,465),
(466,46,466),
(467,47,467),
(468,48,468),
(469,49,469),
(470,50,470),
(471,51,471),
(472,52,472),
(473,53,473),
(474,54,474),
(475,55,475),
(476,56,476),
(477,57,477),
(478,58,478),
(479,59,479),
(480,60,480),
(481,61,481),
(482,62,482),
(483,63,483),
(484,64,484),
(485,65,485),
(486,66,486),
(487,67,487),
(488,68,488),
(489,69,489),
(490,70,490),
(491,71,491),
(492,72,492),
(493,73,493),
(494,74,494),
(495,75,495),
(496,76,496),
(497,77,497),
(498,78,498),
(499,79,499),
(500,80,500),
(501,81,501),
(502,82,502),
(503,83,503),
(504,84,504),
(505,85,505),
(506,86,506),
(507,87,507),
(508,88,508),
(509,89,509),
(510,90,510),
(511,91,511),
(512,92,512),
(513,93,513),
(514,94,514),
(515,95,515),
(516,96,516),
(517,97,517),
(518,98,518),
(519,99,519),
(520,100,520),
(521,101,521),
(522,102,522),
(523,103,523),
(524,104,524),
(525,105,525),
(526,106,526),
(527,107,527),
(528,108,528),
(529,109,529),
(530,110,530),
(531,111,531),
(532,112,532),
(533,113,533),
(534,114,534),
(535,115,535),
(536,116,536),
(537,117,537),
(538,118,538),
(539,119,539),
(540,120,540),
(541,121,541),
(542,122,542),
(543,123,543),
(544,124,544),
(545,125,545),
(546,126,546),
(547,127,547),
(548,128,548),
(549,129,549),
(550,130,550),
(551,131,551),
(552,132,552),
(553,133,553),
(554,134,554),
(555,135,555),
(556,136,556),
(557,137,557),
(558,138,558),
(559,139,559),
(560,140,560),
(561,141,561),
(562,142,562),
(563,143,563),
(564,144,564),
(565,145,565),
(566,146,566),
(567,147,567),
(568,148,568),
(569,149,569),
(570,150,570),
(571,151,571),
(572,152,572),
(573,153,573),
(574,154,574),
(575,155,575),
(576,156,576),
(577,157,577),
(578,158,578),
(579,159,579),
(580,160,580),
(581,161,581),
(582,162,582),
(583,163,583),
(584,164,584),
(585,165,585),
(586,166,586),
(587,167,587),
(588,168,588),
(589,169,589),
(590,170,590),
(591,171,591),
(592,172,592),
(593,173,593),
(594,174,594),
(595,175,595),
(596,176,596),
(597,177,597),
(598,178,598),
(599,179,599),
(600,180,600),
(601,181,1),
(602,182,2),
(603,183,3),
(604,184,4),
(605,185,5),
(606,186,6),
(607,187,7),
(608,188,8),
(609,189,9),
(610,190,10),
(611,191,11),
(612,192,12),
(613,193,13),
(614,194,14),
(615,195,15),
(616,196,16),
(617,197,17),
(618,198,18),
(619,199,19),
(620,200,20),
(621,201,21),
(622,202,22),
(623,203,23),
(624,204,24),
(625,205,25),
(626,206,26),
(627,207,27),
(628,208,28),
(629,209,29),
(630,210,30),
(631,211,31),
(632,212,32),
(633,213,33),
(634,214,34),
(635,215,35),
(636,216,36),
(637,217,37),
(638,218,38),
(639,219,39),
(640,220,40),
(641,221,41),
(642,222,42),
(643,223,43),
(644,224,44),
(645,225,45),
(646,226,46),
(647,227,47),
(648,228,48),
(649,229,49),
(650,230,50),
(651,231,51),
(652,232,52),
(653,233,53),
(654,234,54),
(655,235,55),
(656,236,56),
(657,237,57),
(658,238,58),
(659,239,59),
(660,240,60),
(661,241,61),
(662,242,62),
(663,243,63),
(664,244,64),
(665,245,65),
(666,246,66),
(667,247,67),
(668,248,68),
(669,249,69),
(670,250,70),
(671,251,71),
(672,252,72),
(673,253,73),
(674,254,74),
(675,255,75),
(676,256,76),
(677,257,77),
(678,258,78),
(679,259,79),
(680,260,80),
(681,261,81),
(682,262,82),
(683,263,83),
(684,264,84),
(685,265,85),
(686,266,86),
(687,267,87),
(688,268,88),
(689,269,89),
(690,270,90),
(691,271,91),
(692,272,92),
(693,273,93),
(694,274,94),
(695,275,95),
(696,276,96),
(697,277,97),
(698,278,98),
(699,279,99),
(700,280,100),
(701,281,101),
(702,282,102),
(703,283,103),
(704,284,104),
(705,285,105),
(706,286,106),
(707,287,107),
(708,288,108),
(709,289,109),
(710,290,110),
(711,291,111),
(712,292,112),
(713,293,113),
(714,294,114),
(715,295,115),
(716,296,116),
(717,297,117),
(718,298,118),
(719,299,119),
(720,300,120),
(721,301,121),
(722,302,122),
(723,303,123),
(724,304,124),
(725,305,125),
(726,306,126),
(727,307,127),
(728,308,128),
(729,309,129),
(730,310,130),
(731,311,131),
(732,312,132),
(733,313,133),
(734,314,134),
(735,315,135),
(736,316,136),
(737,317,137),
(738,318,138),
(739,319,139),
(740,320,140),
(741,321,141),
(742,322,142),
(743,323,143),
(744,324,144),
(745,325,145),
(746,326,146),
(747,327,147),
(748,328,148),
(749,329,149),
(750,330,150),
(751,331,151),
(752,332,152),
(753,333,153),
(754,334,154),
(755,335,155),
(756,336,156),
(757,337,157),
(758,338,158),
(759,339,159),
(760,340,160),
(761,341,161),
(762,342,162),
(763,343,163),
(764,344,164),
(765,345,165),
(766,346,166),
(767,347,167),
(768,348,168),
(769,349,169),
(770,350,170),
(771,351,171),
(772,352,172),
(773,353,173),
(774,354,174),
(775,355,175),
(776,356,176),
(777,357,177),
(778,358,178),
(779,359,179),
(780,360,180),
(781,361,181),
(782,362,182),
(783,363,183),
(784,364,184),
(785,365,185),
(786,366,186),
(787,367,187),
(788,368,188),
(789,369,189),
(790,370,190),
(791,371,191),
(792,372,192),
(793,373,193),
(794,374,194),
(795,375,195),
(796,376,196),
(797,377,197),
(798,378,198),
(799,379,199),
(800,380,200),
(801,381,201),
(802,382,202),
(803,383,203),
(804,384,204),
(805,385,205),
(806,386,206),
(807,387,207),
(808,388,208),
(809,389,209),
(810,390,210),
(811,391,211),
(812,392,212),
(813,393,213),
(814,394,214),
(815,395,215),
(816,396,216),
(817,397,217),
(818,398,218),
(819,399,219),
(820,400,220),
(821,401,221),
(822,402,222),
(823,403,223),
(824,404,224),
(825,405,225),
(826,406,226),
(827,407,227),
(828,408,228),
(829,409,229),
(830,410,230),
(831,411,231),
(832,412,232),
(833,413,233),
(834,414,234),
(835,415,235),
(836,416,236),
(837,417,237),
(838,418,238),
(839,419,239),
(840,420,240),
(841,1,241),
(842,2,242),
(843,3,243),
(844,4,244),
(845,5,245),
(846,6,246),
(847,7,247),
(848,8,248),
(849,9,249),
(850,10,250),
(851,11,251),
(852,12,252),
(853,13,253),
(854,14,254),
(855,15,255),
(856,16,256),
(857,17,257),
(858,18,258),
(859,19,259),
(860,20,260),
(861,21,261),
(862,22,262),
(863,23,263),
(864,24,264),
(865,25,265),
(866,26,266),
(867,27,267),
(868,28,268),
(869,29,269),
(870,30,270),
(871,31,271),
(872,32,272),
(873,33,273),
(874,34,274),
(875,35,275),
(876,36,276),
(877,37,277),
(878,38,278),
(879,39,279),
(880,40,280),
(881,41,281),
(882,42,282),
(883,43,283),
(884,44,284),
(885,45,285),
(886,46,286),
(887,47,287),
(888,48,288),
(889,49,289),
(890,50,290),
(891,51,291),
(892,52,292),
(893,53,293),
(894,54,294),
(895,55,295),
(896,56,296),
(897,57,297),
(898,58,298),
(899,59,299),
(900,60,300),
(901,61,301),
(902,62,302),
(903,63,303),
(904,64,304),
(905,65,305),
(906,66,306),
(907,67,307),
(908,68,308),
(909,69,309),
(910,70,310),
(911,71,311),
(912,72,312),
(913,73,313),
(914,74,314),
(915,75,315),
(916,76,316),
(917,77,317),
(918,78,318),
(919,79,319),
(920,80,320),
(921,81,321),
(922,82,322),
(923,83,323),
(924,84,324),
(925,85,325),
(926,86,326),
(927,87,327),
(928,88,328),
(929,89,329),
(930,90,330),
(931,91,331),
(932,92,332),
(933,93,333),
(934,94,334),
(935,95,335),
(936,96,336),
(937,97,337),
(938,98,338),
(939,99,339),
(940,100,340),
(941,101,341),
(942,102,342),
(943,103,343),
(944,104,344),
(945,105,345),
(946,106,346),
(947,107,347),
(948,108,348),
(949,109,349),
(950,110,350),
(951,111,351),
(952,112,352),
(953,113,353),
(954,114,354),
(955,115,355),
(956,116,356),
(957,117,357),
(958,118,358),
(959,119,359),
(960,120,360),
(961,121,361),
(962,122,362),
(963,123,363),
(964,124,364),
(965,125,365),
(966,126,366),
(967,127,367),
(968,128,368),
(969,129,369),
(970,130,370),
(971,131,371),
(972,132,372),
(973,133,373),
(974,134,374),
(975,135,375),
(976,136,376),
(977,137,377),
(978,138,378),
(979,139,379),
(980,140,380),
(981,141,381),
(982,142,382),
(983,143,383),
(984,144,384),
(985,145,385),
(986,146,386),
(987,147,387),
(988,148,388),
(989,149,389),
(990,150,390),
(991,151,391),
(992,152,392),
(993,153,393),
(994,154,394),
(995,155,395),
(996,156,396),
(997,157,397),
(998,158,398),
(999,159,399),
(1000,160,400);

/*Table structure for table `paises` */

DROP TABLE IF EXISTS `paises`;

CREATE TABLE `paises` (
  `id` int(11) NOT NULL AUTO_INCREMENT,
  `paises` varchar(60) NOT NULL,
  PRIMARY KEY (`id`)
) ENGINE=InnoDB AUTO_INCREMENT=6 DEFAULT CHARSET=utf8;

/*Data for the table `paises` */

insert  into `paises`(`id`,`paises`) values 
(1,'Colombia'),
(2,'Chile'),
(3,'Peru'),
(4,'Brazil'),
(5,'Ecuador');

/*Table structure for table `personal` */

DROP TABLE IF EXISTS `personal`;

CREATE TABLE `personal` (
  `id` int(11) NOT NULL AUTO_INCREMENT,
  `nombre` varchar(60) NOT NULL,
  `zona_atencion` int(11) NOT NULL,
  PRIMARY KEY (`id`),
  KEY `zona_atencion` (`zona_atencion`)
) ENGINE=InnoDB AUTO_INCREMENT=601 DEFAULT CHARSET=utf8;

/*Data for the table `personal` */

insert  into `personal`(`id`,`nombre`,`zona_atencion`) values 
(1,'Byron Jordison',1),
(2,'Kylie Kench',2),
(3,'Harriet Van der Baaren',3),
(4,'Chrissy Abramamovh',4),
(5,'Marcelo Ahmed',5),
(6,'Jules Comello',6),
(7,'Judie Sennett',7),
(8,'Yehudi Brunning',8),
(9,'Chastity Greathead',9),
(10,'Alissa Dowbiggin',10),
(11,'Eldon Vann',11),
(12,'Hally Muzzini',12),
(13,'Baldwin Markham',13),
(14,'Gabriello Mapplebeck',14),
(15,'Meara Philps',15),
(16,'Flossy Dilworth',16),
(17,'Janetta Studholme',17),
(18,'Packston Hinz',18),
(19,'Jerrilee Goodread',19),
(20,'Tibold McTerrelly',20),
(21,'Adara Inkle',21),
(22,'Lucio Culham',22),
(23,'Nevsa Vasichev',23),
(24,'Reid Gorke',24),
(25,'Roxanna Brogan',25),
(26,'Odetta Munton',26),
(27,'Daune Pickrill',27),
(28,'Roberta Hurren',28),
(29,'Burr Odegaard',29),
(30,'Jamesy Hanvey',30),
(31,'Kristen Gibbs',31),
(32,'Rianon Proven',32),
(33,'Darsey Peaurt',33),
(34,'Gusella Beatty',34),
(35,'Clair Sheriff',35),
(36,'Gena Gillitt',36),
(37,'Davide Hamel',37),
(38,'Sylvester MacCahey',38),
(39,'Stephani Seed',39),
(40,'Stanton Grimsdike',40),
(41,'Pieter Pervoe',41),
(42,'Teodor Spera',42),
(43,'Adler Schoenfisch',43),
(44,'Malena Lindenbluth',44),
(45,'Roddie Todarini',45),
(46,'Rose Gooderidge',46),
(47,'Nanci Geroldini',47),
(48,'Alexei Prendergrass',48),
(49,'Tades Hamnett',49),
(50,'Lou Clinning',50),
(51,'Jacklin Portingale',51),
(52,'Normand Broadbere',52),
(53,'Perrine Sugar',53),
(54,'Brunhilda Elgie',54),
(55,'Antonina Matterson',55),
(56,'Harmonie Ancliff',56),
(57,'Letisha Grimley',57),
(58,'Kitti Quinet',58),
(59,'Yasmin Acton',59),
(60,'Loralee Pacquet',60),
(61,'Giraldo Down',61),
(62,'Linzy Andriveaux',62),
(63,'Gabi Carlino',63),
(64,'Shurlock Sones',64),
(65,'Shelly Akker',65),
(66,'Antoinette Cockerill',66),
(67,'Edward Sellan',67),
(68,'Maribeth Pearse',68),
(69,'Monti Briamo',69),
(70,'Greta Bellew',70),
(71,'Baillie McGibbon',71),
(72,'Norma Cholwell',72),
(73,'Jimmy Pedroni',73),
(74,'Ezra Andor',74),
(75,'Ozzie Simester',75),
(76,'Tiebold Landre',76),
(77,'Dasya Girardin',77),
(78,'Bendicty Glowach',78),
(79,'Allix Mallia',79),
(80,'Derril Hubbuck',80),
(81,'Pancho Ogger',81),
(82,'Stan Chisholm',82),
(83,'Royce Edgerton',83),
(84,'Wandie Evamy',84),
(85,'Kore Frango',85),
(86,'Trisha Feeley',86),
(87,'Kirsteni Mourton',87),
(88,'Ellissa Ghidoli',88),
(89,'Jeremias Elsmere',89),
(90,'Morgana Corteney',90),
(91,'Tiff O\'Daly',91),
(92,'Clea Chadwell',92),
(93,'Malina Blackledge',93),
(94,'Shaylynn Conahy',50),
(95,'Melanie Cawthorn',1),
(96,'Lindon Board',2),
(97,'Moina Charlton',3),
(98,'Patin Swidenbank',4),
(99,'Laura Euplate',5),
(100,'Dorie Matskiv',6),
(101,'Brittany Schrader',7),
(102,'Hetty Ridgeway',8),
(103,'Tabina Biggadyke',9),
(104,'Meredith Tomlinson',10),
(105,'Dionis Shepley',11),
(106,'Stevena Brayson',12),
(107,'Sidney Vakhonin',13),
(108,'Maurise Ewols',14),
(109,'Euell Crosen',15),
(110,'Lolly Shoosmith',16),
(111,'Brendon Langthorn',17),
(112,'Osborn Espinola',18),
(113,'Orland Pring',19),
(114,'Annabel Lethby',20),
(115,'Teresina Stollenhof',21),
(116,'Ardyce Tubbs',22),
(117,'Tildy Comi',23),
(118,'Wakefield Caltera',24),
(119,'Ailene Baroche',25),
(120,'Alaric Babinski',26),
(121,'Shana Lazare',27),
(122,'Frankie Daniel',28),
(123,'Gavrielle Rossey',29),
(124,'Eolande Eschelle',30),
(125,'Nyssa Halegarth',31),
(126,'Israel Baldi',32),
(127,'Ali Daniau',33),
(128,'Baryram Blann',34),
(129,'Cinderella Watson-Brown',35),
(130,'Cletis Stump',36),
(131,'Allyn Ashling',37),
(132,'Walliw Featherstonehaugh',38),
(133,'Emylee Spilstead',39),
(134,'Emmit Cluelow',40),
(135,'Charline Dewi',41),
(136,'Ferdinanda Carnell',42),
(137,'Leland Lornsen',43),
(138,'Luigi Skeete',44),
(139,'Leora Manoelli',45),
(140,'Prue Baselio',46),
(141,'Dolorita Pilkinton',47),
(142,'Anabal Charopen',48),
(143,'Arlan Choffin',49),
(144,'Bone de Zamora',50),
(145,'Patrizio Staries',51),
(146,'Neron Keirle',52),
(147,'Gwyn Gooley',53),
(148,'Bartlett Osmant',54),
(149,'Kakalina Dormand',55),
(150,'Brandon Cockitt',56),
(151,'Osbourn Asp',57),
(152,'Stephi Mullett',58),
(153,'Domenic Krelle',59),
(154,'Garrot D\'Almeida',60),
(155,'Connor O\'Kieran',61),
(156,'Constantine Lillegard',62),
(157,'Devina Antoinet',63),
(158,'Orelia Dare',64),
(159,'Tanny Pifford',65),
(160,'Gabbie Thoms',66),
(161,'Griselda Minette',67),
(162,'Bay Liddard',68),
(163,'Tandie Kamen',69),
(164,'Britt Dobsons',70),
(165,'Olav Lobley',71),
(166,'Claudio Caird',72),
(167,'Conrad Cranstoun',73),
(168,'Tallie Padgham',74),
(169,'Malissia Kinleyside',75),
(170,'Roley Farrimond',76),
(171,'Sandy Do',77),
(172,'Catie de\'-Ancy Willis',78),
(173,'Colette Lampens',79),
(174,'Orelia Sanderson',80),
(175,'Harlen Figgess',81),
(176,'Allin Hugh',82),
(177,'Kelsi Hamshar',83),
(178,'Moina Wandrack',84),
(179,'Michaella Coppeard',85),
(180,'Florentia Dionisio',86),
(181,'Melany Benezet',87),
(182,'Harriett Robeiro',88),
(183,'Reeba Petyt',89),
(184,'Karna Antrim',90),
(185,'Aggie Sodor',91),
(186,'Ann Harsant',92),
(187,'Toby Salway',93),
(188,'Joane Firks',67),
(189,'Seana Manders',1),
(190,'Fabe Licence',2),
(191,'Danielle Denk',3),
(192,'Roberto Rubert',4),
(193,'Junia Bisseker',5),
(194,'Antonina Oleshunin',6),
(195,'Lewie Fussell',7),
(196,'Paquito Kerrod',8),
(197,'Chester Klimuk',9),
(198,'Raimund Simmill',10),
(199,'Georgeta Stirton',11),
(200,'Hobard Coil',12),
(201,'Matthaeus Bontine',13),
(202,'Raymund Mundell',14),
(203,'Jorgan Harrismith',15),
(204,'Darryl Catonne',16),
(205,'Pam Doxsey',17),
(206,'Dotty Pfeiffer',18),
(207,'Moe Doblin',19),
(208,'Deerdre Guidi',20),
(209,'Marie Collimore',21),
(210,'Curran Malshinger',22),
(211,'Ragnar Duchasteau',23),
(212,'Ninnetta Seeney',24),
(213,'Lynnett Heal',25),
(214,'Arabelle Panyer',26),
(215,'Boony Pocknell',27),
(216,'Monica Bangley',28),
(217,'Sumner Motion',29),
(218,'Elvina Carolan',30),
(219,'Fionna Hallybone',31),
(220,'Uri Stancer',32),
(221,'Jandy Kyrkeman',33),
(222,'Kenyon De Carolis',34),
(223,'Phylys Sillett',35),
(224,'Randy Calton',36),
(225,'Kevon Olenin',37),
(226,'Dalston Presley',38),
(227,'Elisa Haug',39),
(228,'Hadleigh Abbitt',40),
(229,'Haywood Gummery',41),
(230,'Hewie Nend',42),
(231,'Justin Langsdon',43),
(232,'Claudell Brazer',44),
(233,'Rhonda Denisyuk',45),
(234,'Terese Rockey',46),
(235,'Korrie Kynton',47),
(236,'Bambie Brentnall',48),
(237,'Winfield Blomefield',49),
(238,'Juline Worge',50),
(239,'Valma Markham',51),
(240,'Lyndsey Choldcroft',52),
(241,'Lorianne Cocci',53),
(242,'Ursuline Colmer',54),
(243,'Oralle Morfell',55),
(244,'Winfred Vivash',56),
(245,'Lita Prinett',57),
(246,'Jenifer Wallworth',58),
(247,'Bay Osipov',59),
(248,'Mindy Sterre',60),
(249,'Merralee Pitbladdo',61),
(250,'Pamela Loblie',62),
(251,'Konstanze Tonkin',63),
(252,'Iona West-Frimley',64),
(253,'Hetty Ludman',65),
(254,'Dietrich Baynton',66),
(255,'Franky Cash',67),
(256,'Robbie Townley',68),
(257,'Consalve Brambill',69),
(258,'June Erswell',70),
(259,'Mack Narracott',71),
(260,'Alana Wisden',72),
(261,'Miguelita Spadeck',73),
(262,'Estevan Piecha',74),
(263,'Gayel Sarah',75),
(264,'Helyn Webley',76),
(265,'Malvin Toquet',77),
(266,'Julissa Van Castele',78),
(267,'Marten Gonnelly',79),
(268,'Anna Le Marchand',80),
(269,'Coletta Thring',81),
(270,'Ursuline Servant',82),
(271,'Lydia Hadingham',83),
(272,'Hogan Renhard',84),
(273,'Brinn Coltman',85),
(274,'Cynthia Welds',86),
(275,'Lyndsie Gherarducci',87),
(276,'Standford Gauntley',88),
(277,'Randal Thies',89),
(278,'Etti Triggs',90),
(279,'Ketti Torbeck',91),
(280,'Hamish Fey',92),
(281,'Alvina Tremathick',93),
(282,'Wallie St Ange',50),
(283,'Siusan Cumbers',1),
(284,'Cloris Bellard',2),
(285,'Pauli Brunelleschi',3),
(286,'Brnaby Dimnage',4),
(287,'Chen Kelner',5),
(288,'Charlton Marsters',6),
(289,'Clemente Nellen',7),
(290,'Bart Balden',8),
(291,'Caitlin Smail',9),
(292,'Domenico Mallabon',10),
(293,'Ashlan Brosetti',11),
(294,'Jamil Degoix',12),
(295,'Alexine Keates',13),
(296,'Brena Gallemore',14),
(297,'Verile Whiting',15),
(298,'Roselle Beadle',16),
(299,'Carree Yoseloff',17),
(300,'Jemima Meek',18),
(301,'Urban Condon',19),
(302,'Anne-marie Parmenter',20),
(303,'Bryce Lippard',21),
(304,'Wini Bushrod',22),
(305,'Cristy Lemerle',23),
(306,'Base Camocke',24),
(307,'West Coronado',25),
(308,'Grete Syrett',26),
(309,'Sylvester Janz',27),
(310,'Karlyn Damrell',28),
(311,'Vite Cawley',29),
(312,'Taber Tiery',30),
(313,'Vicky Bruckmann',31),
(314,'Huntley Nemchinov',32),
(315,'Jarid Wathall',33),
(316,'Free Faughnan',34),
(317,'Doreen Lamkin',35),
(318,'Kaleena Sabattier',36),
(319,'Alissa Flindall',37),
(320,'Donnie Dundendale',38),
(321,'Doloritas Linsey',39),
(322,'Samuel Spencley',40),
(323,'Andy Dockray',41),
(324,'Constance Blaik',42),
(325,'Noby Whittall',43),
(326,'Hercules Veillard',44),
(327,'Clementius Matevushev',45),
(328,'Boniface Sillis',46),
(329,'Fitz Sibbs',47),
(330,'Brittaney de Tocqueville',48),
(331,'Normie Burburough',49),
(332,'Jillene Goudard',50),
(333,'Esme Warner',51),
(334,'Adela Knill',52),
(335,'Loni Berrisford',53),
(336,'Willey Draisey',54),
(337,'Caspar Guess',55),
(338,'Kennie Sterling',56),
(339,'Kimmie Maunton',57),
(340,'Micheline Roskeilly',58),
(341,'Hildagard Fitzgerald',59),
(342,'Dyana Simon',60),
(343,'Shawn Kitchen',61),
(344,'Lynnelle Steanyng',62),
(345,'Lulita Dovey',63),
(346,'Denyse Mapp',64),
(347,'Fields Zannolli',65),
(348,'Moselle Lindenfeld',66),
(349,'Caron Slimon',67),
(350,'Ingelbert Carbry',68),
(351,'Vic Gulland',69),
(352,'Zared Goff',70),
(353,'Jenn Farbrother',71),
(354,'Noelyn Ubsdell',72),
(355,'Niles Melsom',73),
(356,'Dorian Pendock',74),
(357,'Phyllida Waddingham',75),
(358,'Briney Bracco',76),
(359,'Colleen Scouler',77),
(360,'Claire Kinneally',78),
(361,'Corney Falls',79),
(362,'Jack Yakob',80),
(363,'Marin Jacson',81),
(364,'Angele Vittel',82),
(365,'Boothe Fearey',83),
(366,'Lise Lyster',84),
(367,'Nataline Edgeworth',85),
(368,'Laureen Ley',86),
(369,'Noble Stringer',87),
(370,'Christiane Lubeck',88),
(371,'Dino Robic',89),
(372,'Gertruda Morley',90),
(373,'Elliot Blabey',91),
(374,'Ofelia Ramme',92),
(375,'Theobald Glennie',93),
(376,'Gabie Dawdary',1),
(377,'Iris Willshear',2),
(378,'Carlie Joutapaitis',3),
(379,'Moshe Pettigree',4),
(380,'Trumann Hasely',5),
(381,'Isidor Jeannet',6),
(382,'Lancelot Jukes',7),
(383,'Neely Ellison',8),
(384,'Sim McGarrie',9),
(385,'Sioux Kendall',10),
(386,'Orion Alflat',11),
(387,'Fidela Cromack',12),
(388,'Cyril Sibylla',13),
(389,'Michelle Wherry',14),
(390,'Jeanna Maase',15),
(391,'Sybil Isaak',16),
(392,'Tabbitha Coolbear',17),
(393,'Skelly Jostan',18),
(394,'Candace Bon',19),
(395,'Jonis Baake',20),
(396,'Rozanne Rasmus',21),
(397,'Alexandrina Letchmore',22),
(398,'Abby Bradtke',23),
(399,'Reba Clamp',24),
(400,'Lydie Grombridge',25),
(401,'Blondy Wallett',26),
(402,'Karoly de\'-Ancy Willis',27),
(403,'Hebert Dunderdale',28),
(404,'Luise Ciccone',29),
(405,'Caesar Curwood',30),
(406,'Walsh Touzey',31),
(407,'Gaby Denerley',32),
(408,'Engracia Quickenden',33),
(409,'Beryle Bilfoot',34),
(410,'Fabien Dayes',35),
(411,'Fidelio Whetnell',36),
(412,'Shelden Jannings',37),
(413,'Alecia Teligin',38),
(414,'Price Krollman',39),
(415,'Archibaldo Kowalik',40),
(416,'Enid M\'Chirrie',41),
(417,'Bar St Pierre',42),
(418,'Loren Inett',43),
(419,'Braden Coursor',44),
(420,'Victoria Flute',45),
(421,'Rutledge Tuckett',46),
(422,'Abigail D\'Costa',47),
(423,'Zaccaria Stogill',48),
(424,'Angy Kettoe',49),
(425,'Ramsey Fronzek',50),
(426,'Shellysheldon Kabsch',51),
(427,'Fawn Preddy',52),
(428,'Sonnie Timblett',53),
(429,'Mayor Restorick',54),
(430,'Ariella Carrington',55),
(431,'Aloin Roantree',56),
(432,'Rollin Jarrelt',57),
(433,'Richard Puckey',58),
(434,'Enrica Lyddiatt',59),
(435,'Jere Bowry',60),
(436,'Colby Clarabut',61),
(437,'Dionysus Woan',62),
(438,'Max Enrique',63),
(439,'Ive Coite',64),
(440,'Arabelle Grace',65),
(441,'Dulci Stretton',66),
(442,'Charita McKeowon',67),
(443,'Juline Orys',68),
(444,'Arman Caudrelier',69),
(445,'Marabel Plews',70),
(446,'Gerhardine Merriday',71),
(447,'Wolf Slyman',72),
(448,'Herman Polye',73),
(449,'Hilde Airey',74),
(450,'Claiborn Cominello',75),
(451,'Jeane Shireff',76),
(452,'Blair Melbourn',77),
(453,'Murvyn Wilfing',78),
(454,'Viviana Lamond',79),
(455,'Madelin Wakenshaw',80),
(456,'Alejandro Schlag',81),
(457,'Myrtie Guiu',82),
(458,'Ag McGriele',83),
(459,'Amitie Wildber',84),
(460,'Barbe Lain',85),
(461,'Warden Quiney',86),
(462,'Krista Geffinger',87),
(463,'York Feldharker',88),
(464,'Bent St Louis',89),
(465,'Victor Olley',90),
(466,'Elise Orable',91),
(467,'Jessi Whiterod',92),
(468,'Zebadiah Skoggings',93),
(469,'Klement Mace',50),
(470,'Benita Godfroy',1),
(471,'Norry McEachern',2),
(472,'Finley Wilman',3),
(473,'Alberto March',4),
(474,'Gustave Wingfield',5),
(475,'Glad Lago',6),
(476,'Godfrey Bestall',7),
(477,'Balduin Laurant',8),
(478,'Ema Bilyard',9),
(479,'Chrisy Lehrian',10),
(480,'Benita Burkill',11),
(481,'Luella Domegan',12),
(482,'Nessie Adiscot',13),
(483,'Bridie Shelvey',14),
(484,'Berty McLleese',15),
(485,'Ram Clynter',16),
(486,'Amalia Razoux',17),
(487,'Osmund Ziemens',18),
(488,'Hurlee Turmell',19),
(489,'Arlie Burgne',20),
(490,'Alexia Mulrenan',21),
(491,'Rudie Hengoed',22),
(492,'Bunny Downing',23),
(493,'Mannie Jewell',24),
(494,'Lotta Scoone',25),
(495,'Ange Gobbet',26),
(496,'Paule Duddin',27),
(497,'Jaquelyn Dumphry',28),
(498,'Jerome Greatrakes',29),
(499,'Charita Slipper',30),
(500,'Maurine Sevior',31),
(501,'Dulcia Gartell',32),
(502,'Mirna Gotobed',33),
(503,'Pieter Bier',34),
(504,'Hodge Gatenby',35),
(505,'Yorker Cosyns',36),
(506,'Woody Thompsett',37),
(507,'Lorri Clarkson',38),
(508,'Zsa zsa Philippe',39),
(509,'Chrotoem Kershow',40),
(510,'Lilah Kubicek',41),
(511,'Ethelbert Fawcett',42),
(512,'Sarette Leinweber',43),
(513,'Carmine Waplington',44),
(514,'Chris Gosnoll',45),
(515,'Aldin Bricksey',46),
(516,'Odessa Marriner',47),
(517,'Barrie Thomazin',48),
(518,'Cornela Ector',49),
(519,'Nels Gudeman',50),
(520,'Addie Calf',51),
(521,'Mildrid Hachette',52),
(522,'Anna Cockshot',53),
(523,'Lonnie Dunbleton',54),
(524,'Eldon Steer',55),
(525,'Charlotta Erickson',56),
(526,'Bern Halwill',57),
(527,'Loretta Quaintance',58),
(528,'Erin Bresner',59),
(529,'Kalina Geekin',60),
(530,'Ilyssa Brace',61),
(531,'Malory Waddell',62),
(532,'Kerri Allcock',63),
(533,'Tiena Avraam',64),
(534,'Britney Chaudrelle',65),
(535,'Eilis Ferro',66),
(536,'Jeffry Krystof',67),
(537,'Bonny O\'Cooney',68),
(538,'Brigitte Jiggins',69),
(539,'Bartlet Bartlomieczak',70),
(540,'Bliss Whatford',71),
(541,'Kial Kindleysides',72),
(542,'Esteban Dorkin',73),
(543,'Clerkclaude Klosges',74),
(544,'Webb Rothman',75),
(545,'Loni Heigold',76),
(546,'Drucy Brando',77),
(547,'Theresina Priddy',78),
(548,'Mona Firk',79),
(549,'Killian Mills',80),
(550,'Anne-marie Linggood',81),
(551,'Dniren Heskins',82),
(552,'Hendrik Raspison',83),
(553,'Meta Suffield',84),
(554,'Marcie Goulter',85),
(555,'Phedra Dalgarno',86),
(556,'Nathanial Swett',87),
(557,'Jareb Halhead',88),
(558,'Lind Keigher',89),
(559,'Ericka Arter',90),
(560,'Mirabel Wabersich',91),
(561,'Myrah Cornilli',92),
(562,'Patrice Sacaze',93),
(563,'Joey Pearsall',67),
(564,'Raychel Pitceathly',1),
(565,'Essie Calvard',2),
(566,'Lanae Dallaway',3),
(567,'Frasquito Yggo',4),
(568,'Perri Sinderson',5),
(569,'Edsel Coyne',6),
(570,'Mignonne Matous',7),
(571,'Luci Bagger',8),
(572,'Eduardo Rait',9),
(573,'Urbano Dowbekin',10),
(574,'Hebert Matei',11),
(575,'Ruttger Bambrick',12),
(576,'Iorgos Busch',13),
(577,'Alix Grishaev',14),
(578,'Melamie Cropton',15),
(579,'Kellia Dorrance',16),
(580,'Baird Burborough',17),
(581,'Rosabel O\' Concannon',18),
(582,'Lind Hedan',19),
(583,'Lotty Davidovics',20),
(584,'Ariana Chilver',21),
(585,'Karon Innot',22),
(586,'Olwen Seater',23),
(587,'Coleman Padgett',24),
(588,'Felicdad Bateson',25),
(589,'Vallie Dusey',26),
(590,'Hayward Jackways',27),
(591,'Asa Tapenden',28),
(592,'Willey Gounin',29),
(593,'Dougy Hornbuckle',30),
(594,'Siana Inkle',31),
(595,'Jone Brettle',32),
(596,'Bobbye Hagard',33),
(597,'Melania Pettengell',34),
(598,'Nicki Deek',35),
(599,'Heda Odeson',36),
(600,'Lenna MacCrossan',37);

/*Table structure for table `regiones` */

DROP TABLE IF EXISTS `regiones`;

CREATE TABLE `regiones` (
  `id` int(11) NOT NULL AUTO_INCREMENT,
  `regiones` varchar(60) NOT NULL,
  `id_paises` int(11) NOT NULL,
  PRIMARY KEY (`id`),
  KEY `paises` (`id_paises`),
  CONSTRAINT `regiones_ibfk_1` FOREIGN KEY (`id_paises`) REFERENCES `paises` (`id`)
) ENGINE=InnoDB AUTO_INCREMENT=94 DEFAULT CHARSET=utf8;

/*Data for the table `regiones` */

insert  into `regiones`(`id`,`regiones`,`id_paises`) values 
(1,'Andina',1),
(2,'Amazonica',1),
(3,'Pacifico',1),
(4,'Caribe',1),
(5,'Orinoquia',1),
(6,'Arica y Parinacota',2),
(7,'Tarapaca',2),
(8,'Antofagasta',2),
(9,'Atacama',2),
(10,'Coquimbo',2),
(11,'Valparaiso',2),
(12,'Matropolitana de santiago',2),
(13,'Maule',2),
(14,'Biobio',2),
(15,'Araucania',2),
(16,'Los rios',2),
(17,'Los lagos',2),
(18,'Amazonas',3),
(19,'Ancash',3),
(20,'Apurimac',3),
(21,'Arequipa',3),
(22,'Ayacucho',3),
(23,'Cajamarca',3),
(24,'Callao',3),
(25,'Cusco',3),
(26,'Huancavelica',3),
(27,'Huanuco',3),
(28,'Ica',3),
(29,'Junin',3),
(30,'La libertad',3),
(31,'Lambayeque',3),
(32,'Lima',3),
(33,'Loreto',3),
(34,'Madre de Dios',3),
(35,'Moquegua',3),
(36,'Pasco',3),
(37,'Piura',3),
(38,'Puno',3),
(39,'San martin',3),
(40,'Tacna',3),
(41,'Tumbes',3),
(42,'Ucayali',3),
(43,'Acre',4),
(44,'Alagoas',4),
(45,'Amapa',4),
(46,'Amazonas',4),
(47,'Bahia',4),
(48,'Ceara',4),
(49,'Distrito federal',4),
(50,'Espiritu santo',4),
(51,'Goias',4),
(52,'Maranhao',4),
(53,'Mato grosso',4),
(54,'Mato grosso del sur',4),
(55,'Minas gerais',4),
(56,'Para',4),
(57,'Paraiba',4),
(58,'Parana',4),
(59,'Pernambuco',4),
(60,'Piaui',4),
(61,'Rio de janeiro',4),
(62,'Rio grande del norte',4),
(63,'Rio grande del sur',4),
(64,'Rondonia',4),
(65,'Roraima',4),
(66,'Santa catarina',4),
(67,'Sao paulo',4),
(68,'Sergipe',4),
(69,'Tocantins',4),
(70,'Azuay',5),
(71,'Bolivar',5),
(72,'Cañar',5),
(73,'Carchi',5),
(74,'Chimborazo',5),
(75,'Cotopaxi',5),
(76,'El oro',5),
(77,'Esmeraldas',5),
(78,'Galapagos',5),
(79,'Guayas',5),
(80,'Imbabura',5),
(81,'Loja',5),
(82,'Los rios',5),
(83,'Manabi',5),
(84,'Morona-Santiago',5),
(85,'Napo',5),
(86,'Orellana',5),
(87,'Pastaza',5),
(88,'Pichincha',5),
(89,'Santa elena',5),
(90,'Santo domingo de los tsachilas',5),
(91,'Sucumbios',5),
(92,'Tungurahua',5),
(93,'Zamora-Chinchipe',5);

/*Table structure for table `regiones_personal` */

DROP TABLE IF EXISTS `regiones_personal`;

CREATE TABLE `regiones_personal` (
  `id` int(11) NOT NULL AUTO_INCREMENT,
  `id_regiones` int(11) NOT NULL,
  `id_personal` int(11) NOT NULL,
  PRIMARY KEY (`id`),
  KEY `regiones` (`id_regiones`),
  KEY `personal_distribuidora` (`id_personal`),
  CONSTRAINT `regiones_personal_ibfk_1` FOREIGN KEY (`id_personal`) REFERENCES `personal` (`id`),
  CONSTRAINT `regiones_personal_ibfk_2` FOREIGN KEY (`id_regiones`) REFERENCES `regiones` (`id`)
) ENGINE=InnoDB AUTO_INCREMENT=861 DEFAULT CHARSET=utf8;

/*Data for the table `regiones_personal` */

insert  into `regiones_personal`(`id`,`id_regiones`,`id_personal`) values 
(1,1,1),
(2,2,2),
(3,3,3),
(4,4,4),
(5,5,5),
(6,6,6),
(7,7,7),
(8,8,8),
(9,9,9),
(10,10,10),
(11,11,11),
(12,12,12),
(13,13,13),
(14,14,14),
(15,15,15),
(16,16,16),
(17,17,17),
(18,18,18),
(19,19,19),
(20,20,20),
(21,21,21),
(22,22,22),
(23,23,23),
(24,24,24),
(25,25,25),
(26,26,26),
(27,27,27),
(28,28,28),
(29,29,29),
(30,30,30),
(31,31,31),
(32,32,32),
(33,33,33),
(34,34,34),
(35,35,35),
(36,36,36),
(37,37,37),
(38,38,38),
(39,39,39),
(40,40,40),
(41,41,41),
(42,42,42),
(43,43,43),
(44,44,44),
(45,45,45),
(46,46,46),
(47,47,47),
(48,48,48),
(49,49,49),
(50,50,50),
(51,51,51),
(52,52,52),
(53,53,53),
(54,54,54),
(55,55,55),
(56,56,56),
(57,57,57),
(58,58,58),
(59,59,59),
(60,60,60),
(61,61,61),
(62,62,62),
(63,63,63),
(64,64,64),
(65,65,65),
(66,66,66),
(67,67,67),
(68,68,68),
(69,69,69),
(70,70,70),
(71,71,71),
(72,72,72),
(73,73,73),
(74,74,74),
(75,75,75),
(76,76,76),
(77,77,77),
(78,78,78),
(79,79,79),
(80,80,80),
(81,81,81),
(82,82,82),
(83,83,83),
(84,84,84),
(85,85,85),
(86,86,86),
(87,87,87),
(88,88,88),
(89,89,89),
(90,90,90),
(91,91,91),
(92,92,92),
(93,93,93),
(94,50,94),
(95,1,95),
(96,2,96),
(97,3,97),
(98,4,98),
(99,5,99),
(100,6,100),
(101,7,101),
(102,8,102),
(103,9,103),
(104,10,104),
(105,11,105),
(106,12,106),
(107,13,107),
(108,14,108),
(109,15,109),
(110,16,110),
(111,17,111),
(112,18,112),
(113,19,113),
(114,20,114),
(115,21,115),
(116,22,116),
(117,23,117),
(118,24,118),
(119,25,119),
(120,26,120),
(121,27,121),
(122,28,122),
(123,29,123),
(124,30,124),
(125,31,125),
(126,32,126),
(127,33,127),
(128,34,128),
(129,35,129),
(130,36,130),
(131,37,131),
(132,38,132),
(133,39,133),
(134,40,134),
(135,41,135),
(136,42,136),
(137,43,137),
(138,44,138),
(139,45,139),
(140,46,140),
(141,47,141),
(142,48,142),
(143,49,143),
(144,50,144),
(145,51,145),
(146,52,146),
(147,53,147),
(148,54,148),
(149,55,149),
(150,56,150),
(151,57,151),
(152,58,152),
(153,59,153),
(154,60,154),
(155,61,155),
(156,62,156),
(157,63,157),
(158,64,158),
(159,65,159),
(160,66,160),
(161,67,161),
(162,68,162),
(163,69,163),
(164,70,164),
(165,71,165),
(166,72,166),
(167,73,167),
(168,74,168),
(169,75,169),
(170,76,170),
(171,77,171),
(172,78,172),
(173,79,173),
(174,80,174),
(175,81,175),
(176,82,176),
(177,83,177),
(178,84,178),
(179,85,179),
(180,86,180),
(181,87,181),
(182,88,182),
(183,89,183),
(184,90,184),
(185,91,185),
(186,92,186),
(187,93,187),
(188,67,188),
(189,1,189),
(190,2,190),
(191,3,191),
(192,4,192),
(193,5,193),
(194,6,194),
(195,7,195),
(196,8,196),
(197,9,197),
(198,10,198),
(199,11,199),
(200,12,200),
(201,13,201),
(202,14,202),
(203,15,203),
(204,16,204),
(205,17,205),
(206,18,206),
(207,19,207),
(208,20,208),
(209,21,209),
(210,22,210),
(211,23,211),
(212,24,212),
(213,25,213),
(214,26,214),
(215,27,215),
(216,28,216),
(217,29,217),
(218,30,218),
(219,31,219),
(220,32,220),
(221,33,221),
(222,34,222),
(223,35,223),
(224,36,224),
(225,37,225),
(226,38,226),
(227,39,227),
(228,40,228),
(229,41,229),
(230,42,230),
(231,43,231),
(232,44,232),
(233,45,233),
(234,46,234),
(235,47,235),
(236,48,236),
(237,49,237),
(238,50,238),
(239,51,239),
(240,52,240),
(241,53,241),
(242,54,242),
(243,55,243),
(244,56,244),
(245,57,245),
(246,58,246),
(247,59,247),
(248,60,248),
(249,61,249),
(250,62,250),
(251,63,251),
(252,64,252),
(253,65,253),
(254,66,254),
(255,67,255),
(256,68,256),
(257,69,257),
(258,70,258),
(259,71,259),
(260,72,260),
(261,73,261),
(262,74,262),
(263,75,263),
(264,76,264),
(265,77,265),
(266,78,266),
(267,79,267),
(268,80,268),
(269,81,269),
(270,82,270),
(271,83,271),
(272,84,272),
(273,85,273),
(274,86,274),
(275,87,275),
(276,88,276),
(277,89,277),
(278,90,278),
(279,91,279),
(280,92,280),
(281,93,281),
(282,50,282),
(283,1,283),
(284,2,284),
(285,3,285),
(286,4,286),
(287,5,287),
(288,6,288),
(289,7,289),
(290,8,290),
(291,9,291),
(292,10,292),
(293,11,293),
(294,12,294),
(295,13,295),
(296,14,296),
(297,15,297),
(298,16,298),
(299,17,299),
(300,18,300),
(301,19,301),
(302,20,302),
(303,21,303),
(304,22,304),
(305,23,305),
(306,24,306),
(307,25,307),
(308,26,308),
(309,27,309),
(310,28,310),
(311,29,311),
(312,30,312),
(313,31,313),
(314,32,314),
(315,33,315),
(316,34,316),
(317,35,317),
(318,36,318),
(319,37,319),
(320,38,320),
(321,39,321),
(322,40,322),
(323,41,323),
(324,42,324),
(325,43,325),
(326,44,326),
(327,45,327),
(328,46,328),
(329,47,329),
(330,48,330),
(331,49,331),
(332,50,332),
(333,51,333),
(334,52,334),
(335,53,335),
(336,54,336),
(337,55,337),
(338,56,338),
(339,57,339),
(340,58,340),
(341,59,341),
(342,60,342),
(343,61,343),
(344,62,344),
(345,63,345),
(346,64,346),
(347,65,347),
(348,66,348),
(349,67,349),
(350,68,350),
(351,69,351),
(352,70,352),
(353,71,353),
(354,72,354),
(355,73,355),
(356,74,356),
(357,75,357),
(358,76,358),
(359,77,359),
(360,78,360),
(361,79,361),
(362,80,362),
(363,81,363),
(364,82,364),
(365,83,365),
(366,84,366),
(367,85,367),
(368,86,368),
(369,87,369),
(370,88,370),
(371,89,371),
(372,90,372),
(373,91,373),
(374,92,374),
(375,93,375),
(376,1,376),
(377,2,377),
(378,3,378),
(379,4,379),
(380,5,380),
(381,6,381),
(382,7,382),
(383,8,383),
(384,9,384),
(385,10,385),
(386,11,386),
(387,12,387),
(388,13,388),
(389,14,389),
(390,15,390),
(391,16,391),
(392,17,392),
(393,18,393),
(394,19,394),
(395,20,395),
(396,21,396),
(397,22,397),
(398,23,398),
(399,24,399),
(400,25,400),
(401,26,401),
(402,27,402),
(403,28,403),
(404,29,404),
(405,30,405),
(406,31,406),
(407,32,407),
(408,33,408),
(409,34,409),
(410,35,410),
(411,36,411),
(412,37,412),
(413,38,413),
(414,39,414),
(415,40,415),
(416,41,416),
(417,42,417),
(418,43,418),
(419,44,419),
(420,45,420),
(421,46,421),
(422,47,422),
(423,48,423),
(424,49,424),
(425,50,425),
(426,51,426),
(427,52,427),
(428,53,428),
(429,54,429),
(430,55,430),
(431,56,431),
(432,57,432),
(433,58,433),
(434,59,434),
(435,60,435),
(436,61,436),
(437,62,437),
(438,63,438),
(439,64,439),
(440,65,440),
(441,66,441),
(442,67,442),
(443,68,443),
(444,69,444),
(445,70,445),
(446,71,446),
(447,72,447),
(448,73,448),
(449,74,449),
(450,75,450),
(451,76,451),
(452,77,452),
(453,78,453),
(454,79,454),
(455,80,455),
(456,81,456),
(457,82,457),
(458,83,458),
(459,84,459),
(460,85,460),
(461,86,461),
(462,87,462),
(463,88,463),
(464,89,464),
(465,90,465),
(466,91,466),
(467,92,467),
(468,93,468),
(469,50,469),
(470,1,470),
(471,2,471),
(472,3,472),
(473,4,473),
(474,5,474),
(475,6,475),
(476,7,476),
(477,8,477),
(478,9,478),
(479,10,479),
(480,11,480),
(481,12,481),
(482,13,482),
(483,14,483),
(484,15,484),
(485,16,485),
(486,17,486),
(487,18,487),
(488,19,488),
(489,20,489),
(490,21,490),
(491,22,491),
(492,23,492),
(493,24,493),
(494,25,494),
(495,26,495),
(496,27,496),
(497,28,497),
(498,29,498),
(499,30,499),
(500,31,500),
(501,32,501),
(502,33,502),
(503,34,503),
(504,35,504),
(505,36,505),
(506,37,506),
(507,38,507),
(508,39,508),
(509,40,509),
(510,41,510),
(511,42,511),
(512,43,512),
(513,44,513),
(514,45,514),
(515,46,515),
(516,47,516),
(517,48,517),
(518,49,518),
(519,50,519),
(520,51,520),
(521,52,521),
(522,53,522),
(523,54,523),
(524,55,524),
(525,56,525),
(526,57,526),
(527,58,527),
(528,59,528),
(529,60,529),
(530,61,530),
(531,62,531),
(532,63,532),
(533,64,533),
(534,65,534),
(535,66,535),
(536,67,536),
(537,68,537),
(538,69,538),
(539,70,539),
(540,71,540),
(541,72,541),
(542,73,542),
(543,74,543),
(544,75,544),
(545,76,545),
(546,77,546),
(547,78,547),
(548,79,548),
(549,80,549),
(550,81,550),
(551,82,551),
(552,83,552),
(553,84,553),
(554,85,554),
(555,86,555),
(556,87,556),
(557,88,557),
(558,89,558),
(559,90,559),
(560,91,560),
(561,92,561),
(562,93,562),
(563,67,563),
(564,1,564),
(565,2,565),
(566,3,566),
(567,4,567),
(568,5,568),
(569,6,569),
(570,7,570),
(571,8,571),
(572,9,572),
(573,10,573),
(574,11,574),
(575,12,575),
(576,13,576),
(577,14,577),
(578,15,578),
(579,16,579),
(580,17,580),
(581,18,581),
(582,19,582),
(583,20,583),
(584,21,584),
(585,22,585),
(586,23,586),
(587,24,587),
(588,25,588),
(589,26,589),
(590,27,590),
(591,28,591),
(592,29,592),
(593,30,593),
(594,31,594),
(595,32,595),
(596,33,596),
(597,34,597),
(598,35,598),
(599,36,599),
(600,37,600),
(601,28,417),
(602,29,418),
(603,30,419),
(604,31,420),
(605,32,421),
(606,33,422),
(607,34,423),
(608,35,424),
(609,36,425),
(610,37,426),
(611,38,427),
(612,39,428),
(613,40,429),
(614,41,430),
(615,42,431),
(616,43,432),
(617,44,433),
(618,45,434),
(619,46,435),
(620,47,436),
(621,48,437),
(622,49,438),
(623,50,439),
(624,51,440),
(625,52,441),
(626,53,442),
(627,54,443),
(628,55,444),
(629,56,445),
(630,57,446),
(631,58,447),
(632,59,448),
(633,60,449),
(634,61,450),
(635,62,451),
(636,63,452),
(637,64,453),
(638,65,454),
(639,66,455),
(640,67,456),
(641,68,457),
(642,69,458),
(643,70,459),
(644,71,460),
(645,72,461),
(646,73,462),
(647,74,463),
(648,75,464),
(649,76,465),
(650,77,466),
(651,78,467),
(652,79,468),
(653,80,469),
(654,81,470),
(655,82,471),
(656,83,472),
(657,84,473),
(658,85,474),
(659,86,475),
(660,87,476),
(661,88,477),
(662,89,478),
(663,90,479),
(664,91,480),
(665,92,481),
(666,93,482),
(667,50,483),
(668,1,484),
(669,2,485),
(670,3,486),
(671,4,487),
(672,5,488),
(673,6,489),
(674,7,490),
(675,8,491),
(676,9,492),
(677,10,493),
(678,11,494),
(679,12,495),
(680,13,496),
(681,14,497),
(682,15,498),
(683,16,499),
(684,17,500),
(685,18,501),
(686,19,502),
(687,20,503),
(688,21,504),
(689,22,505),
(690,23,506),
(691,24,507),
(692,25,508),
(693,26,509),
(694,27,510),
(695,28,511),
(696,29,512),
(697,30,513),
(698,31,514),
(699,32,515),
(700,33,516),
(701,34,517),
(702,35,518),
(703,36,519),
(704,37,520),
(705,38,521),
(706,39,522),
(707,40,523),
(708,41,524),
(709,42,525),
(710,43,526),
(711,44,527),
(712,45,528),
(713,46,529),
(714,47,530),
(715,48,531),
(716,49,532),
(717,50,533),
(718,51,534),
(719,52,535),
(720,53,536),
(721,54,537),
(722,55,538),
(723,56,539),
(724,57,540),
(725,58,541),
(726,59,542),
(727,60,543),
(728,61,544),
(729,62,545),
(730,63,546),
(731,64,547),
(732,65,548),
(733,66,549),
(734,67,550),
(735,68,551),
(736,69,552),
(737,70,553),
(738,71,554),
(739,72,555),
(740,73,556),
(741,74,557),
(742,75,558),
(743,76,559),
(744,77,560),
(745,78,561),
(746,79,562),
(747,80,563),
(748,81,564),
(749,82,565),
(750,83,566),
(751,84,567),
(752,85,568),
(753,86,569),
(754,87,570),
(755,88,571),
(756,89,572),
(757,90,573),
(758,91,574),
(759,92,575),
(760,93,576),
(761,1,577),
(762,2,578),
(763,3,579),
(764,4,580),
(765,5,581),
(766,6,582),
(767,7,583),
(768,8,584),
(769,9,585),
(770,10,586),
(771,11,587),
(772,12,588),
(773,13,589),
(774,14,590),
(775,15,591),
(776,16,592),
(777,17,593),
(778,18,594),
(779,19,595),
(780,20,596),
(781,21,597),
(782,22,598),
(783,23,599),
(784,24,600),
(785,25,1),
(786,26,2),
(787,27,3),
(788,28,4),
(789,29,5),
(790,30,6),
(791,31,7),
(792,32,8),
(793,33,9),
(794,34,10),
(795,35,11),
(796,36,12),
(797,37,13),
(798,38,14),
(799,39,15),
(800,40,16),
(801,41,17),
(802,42,18),
(803,43,19),
(804,44,20),
(805,45,21),
(806,46,22),
(807,47,23),
(808,48,24),
(809,49,25),
(810,50,26),
(811,51,27),
(812,52,28),
(813,53,29),
(814,54,30),
(815,55,31),
(816,56,32),
(817,57,33),
(818,58,34),
(819,59,35),
(820,60,36),
(821,61,37),
(822,62,38),
(823,63,39),
(824,64,40),
(825,65,41),
(826,66,42),
(827,67,43),
(828,68,44),
(829,69,45),
(830,70,46),
(831,71,47),
(832,72,48),
(833,73,49),
(834,74,50),
(835,75,51),
(836,76,52),
(837,77,53),
(838,78,54),
(839,79,55),
(840,80,56),
(841,81,57),
(842,82,58),
(843,83,59),
(844,84,60),
(845,85,61),
(846,86,62),
(847,87,63),
(848,88,64),
(849,89,65),
(850,90,66),
(851,91,67),
(852,92,68),
(853,93,69),
(854,50,70),
(855,1,71),
(856,2,72),
(857,3,73),
(858,4,74),
(859,5,75),
(860,6,76);

/*Table structure for table `sucursales` */

DROP TABLE IF EXISTS `sucursales`;

CREATE TABLE `sucursales` (
  `id` int(11) NOT NULL AUTO_INCREMENT,
  `nombre_encargado` varchar(100) NOT NULL,
  `telefono` int(11) NOT NULL,
  `direccion` varchar(50) NOT NULL,
  `id_ciudades` int(11) NOT NULL,
  `id_clientes` int(11) NOT NULL,
  PRIMARY KEY (`id`),
  KEY `ciudad` (`id_ciudades`),
  KEY `id_clientes` (`id_clientes`),
  CONSTRAINT `sucursales_ibfk_1` FOREIGN KEY (`id_ciudades`) REFERENCES `ciudades` (`id`)
) ENGINE=InnoDB AUTO_INCREMENT=1001 DEFAULT CHARSET=utf8;

/*Data for the table `sucursales` */

insert  into `sucursales`(`id`,`nombre_encargado`,`telefono`,`direccion`,`id_ciudades`,`id_clientes`) values 
(1,'Jobye Runnacles',2147483647,'5218 Ruskin Crossing',1,1),
(2,'Titos Kupis',2147483647,'8 Dapin Plaza',2,2),
(3,'Odilia Sherborne',2147483647,'25445 Fairview Plaza',3,3),
(4,'Bendite Brandenberg',2147483647,'2372 Annamark Trail',4,4),
(5,'Fey Cosbey',2147483647,'086 Holy Cross Circle',5,5),
(6,'Eadmund Rowlin',2147483647,'4 Columbus Circle',6,6),
(7,'Drusie Sandham',2147483647,'2 Grover Point',7,7),
(8,'Verge Millhouse',2147483647,'76409 Springview Plaza',8,8),
(9,'Florie Leavry',2147483647,'55 Village Junction',9,9),
(10,'Northrup Maxfield',2147483647,'23 Waubesa Hill',10,10),
(11,'Devondra Goodred',2147483647,'58 Milwaukee Point',11,11),
(12,'Mozes Pratley',2147483647,'399 Jenna Plaza',12,12),
(13,'Tova Varney',2147483647,'90 Messerschmidt Road',13,13),
(14,'Garrik Ledram',2147483647,'682 Scofield Avenue',14,14),
(15,'Dione Luckes',2147483647,'89927 Delladonna Parkway',15,15),
(16,'Lianne Gillingham',2147483647,'4 Division Drive',16,16),
(17,'Samson Kelloch',2147483647,'4862 Shopko Parkway',17,17),
(18,'Janeczka Kaes',2147483647,'3 Forster Parkway',18,18),
(19,'Arleta Jiggens',2147483647,'561 Birchwood Alley',19,19),
(20,'Krishna Cragg',2147483647,'98659 Stephen Terrace',20,20),
(21,'Miller Spurdle',2147483647,'75 Lien Hill',21,21),
(22,'Datha Plail',2147483647,'01015 Northview Avenue',22,22),
(23,'Crichton Rosewall',2147483647,'9017 Cambridge Pass',23,23),
(24,'Queenie Langer',2147483647,'030 Packers Parkway',24,24),
(25,'Lazare Gisburne',2147483647,'545 Vahlen Alley',25,25),
(26,'Lexy Wreath',2147483647,'617 Northland Avenue',26,26),
(27,'Ginnie Gladwell',2147483647,'43 Tennessee Alley',27,27),
(28,'Robina M\'Chirrie',2147483647,'3804 Grover Road',28,28),
(29,'Perry Reichardt',2147483647,'8 Bellgrove Place',29,29),
(30,'Benito Rehme',2147483647,'741 Troy Hill',30,30),
(31,'Zitella Maude',2147483647,'6 Gale Road',31,31),
(32,'Pearl Dawks',2147483647,'882 Rowland Place',32,32),
(33,'Stafford Druitt',2147483647,'0 Golf Avenue',33,33),
(34,'Cristiano Overill',2147483647,'808 Westridge Drive',34,34),
(35,'Serge Crannage',2147483647,'58 7th Terrace',35,35),
(36,'Rahel Douch',2147483647,'9397 Troy Plaza',36,36),
(37,'Alvira Tayt',2147483647,'3 Coolidge Street',37,37),
(38,'Jess Janacek',2147483647,'42 Becker Point',38,38),
(39,'Gerard Carress',2147483647,'4023 Blue Bill Park Hill',39,39),
(40,'Osborne Adamsky',2147483647,'470 Moulton Trail',40,40),
(41,'Roanna Northcote',2147483647,'2 Meadow Ridge Court',41,41),
(42,'Marion Golly',2147483647,'409 Comanche Street',42,42),
(43,'Orly Belsey',2147483647,'57 Jenna Drive',43,43),
(44,'Aprilette Denver',2147483647,'011 American Point',44,44),
(45,'Matthias Hunnawill',2147483647,'03591 Veith Place',45,45),
(46,'Roman Roebottom',2035195420,'9935 Northland Road',46,46),
(47,'Malory Glaisner',2147483647,'11134 Montana Way',47,47),
(48,'Clovis Kehoe',2147483647,'79479 Fairview Alley',48,48),
(49,'Cordi Blomefield',2147483647,'4593 Bluejay Street',49,49),
(50,'Nye Grennan',2147483647,'00734 Vera Court',50,50),
(51,'Aline Billham',2147483647,'1 Troy Court',51,51),
(52,'Prentiss Jakel',2147483647,'19986 Esker Plaza',52,52),
(53,'Doyle Cominotti',2147483647,'08438 Warner Pass',53,53),
(54,'Kristal Coull',2147483647,'26845 Corscot Crossing',54,54),
(55,'Koressa Glossup',2147483647,'8109 Katie Parkway',55,55),
(56,'Morie Habin',2147483647,'2021 Morning Parkway',56,56),
(57,'Eula Georgeson',2147483647,'7 Jay Hill',57,57),
(58,'Jaymie Keher',1588937027,'2 Pepper Wood Circle',58,58),
(59,'Shay Blondin',2147483647,'0123 Bluestem Point',59,59),
(60,'Dolley Bathowe',2147483647,'05 Hoffman Center',60,60),
(61,'Zabrina Buckie',2147483647,'3 Pennsylvania Way',61,61),
(62,'Pat Grennan',2147483647,'03 Lien Junction',62,62),
(63,'Sumner Bleaden',2108379660,'24 Esch Circle',63,63),
(64,'Tabby Domanek',1483742159,'26845 Arizona Point',64,64),
(65,'Emmett Bowskill',2147483647,'608 Welch Crossing',65,65),
(66,'Jimmie Cornthwaite',2147483647,'12147 Debs Way',66,66),
(67,'Goldina Nelthropp',1912190891,'07421 Coolidge Circle',67,67),
(68,'Theodore Augur',2147483647,'24 Saint Paul Park',68,68),
(69,'Minda Dolligon',1473477494,'8 Calypso Terrace',69,69),
(70,'Lacie Vassie',2147483647,'4 Eagle Crest Lane',70,70),
(71,'Zacharias Indgs',2147483647,'1912 Kim Court',71,71),
(72,'Arvy Astbury',2147483647,'031 Warrior Place',72,72),
(73,'Ardelle Krolman',2147483647,'4153 Red Cloud Point',73,73),
(74,'Saunder Tivolier',2147483647,'85010 Marquette Lane',74,74),
(75,'Marin McGriele',1347865488,'1874 Truax Lane',75,75),
(76,'Jonie Hacket',2147483647,'1 Corry Avenue',76,76),
(77,'Jade Thelwll',2147483647,'06 Vidon Park',77,77),
(78,'Dyann Cockshutt',2147483647,'606 Cherokee Circle',78,78),
(79,'Demetri Eskrigg',2147483647,'98 Lindbergh Trail',79,79),
(80,'Niven Gooch',1117463246,'74 Forest Dale Crossing',80,80),
(81,'Remus Dyche',2147483647,'5 Aberg Court',81,81),
(82,'Melamie Hussey',2147483647,'0 Lyons Plaza',82,82),
(83,'Laureen Berringer',2147483647,'90 Dayton Road',83,83),
(84,'Golda Byrch',2147483647,'6447 Arizona Street',84,84),
(85,'Magnum Mazdon',2147483647,'88788 Mendota Avenue',85,85),
(86,'Letitia Dressell',2147483647,'26 Pepper Wood Crossing',86,86),
(87,'Idelle Belbin',2147483647,'46045 Hovde Circle',87,87),
(88,'Cedric Cartlidge',1942634212,'89 Washington Crossing',88,88),
(89,'Jose Sentance',2147483647,'56 Ludington Crossing',89,89),
(90,'Rebbecca Fermor',1438379519,'0 Ryan Street',90,90),
(91,'Geraldine Golden',2147483647,'14610 Muir Lane',91,91),
(92,'Efren Haliburton',2121894222,'4188 Mitchell Pass',92,92),
(93,'Fayth Olyunin',2147483647,'4179 Ronald Regan Junction',93,93),
(94,'Elijah Girardetti',2147483647,'32 Tennessee Lane',1,94),
(95,'Sylas Tolan',2147483647,'1 South Junction',2,95),
(96,'Kala Theaker',2147483647,'98 Knutson Parkway',3,96),
(97,'Hi Moar',2147483647,'7 Johnson Parkway',4,97),
(98,'Zea Kippen',1919022814,'34 Welch Alley',5,98),
(99,'Talbot McEllen',2147483647,'92 Veith Road',6,99),
(100,'Bart Bwye',2147483647,'34 Melody Lane',7,100),
(101,'Mora Collens',2147483647,'52 Pleasure Park',8,101),
(102,'Bobinette Stepney',2147483647,'50074 Forest Dale Way',9,102),
(103,'Ginger Babst',2147483647,'157 Anthes Lane',10,103),
(104,'Lorette Ellyatt',2147483647,'69 Mccormick Court',11,104),
(105,'Alanson Raw',2147483647,'7 Macpherson Point',12,105),
(106,'Estella Sharple',2147483647,'201 Alpine Circle',13,106),
(107,'Danice Kynastone',2147483647,'790 Crescent Oaks Hill',14,107),
(108,'Tammy Lowater',2147483647,'7900 1st Road',15,108),
(109,'Ludovico Mackilpatrick',2147483647,'81 Quincy Park',16,109),
(110,'Rafa Empleton',2147483647,'485 Anzinger Pass',17,110),
(111,'Conroy Roll',2147483647,'2 Prairieview Way',18,111),
(112,'Marcel Arnald',2147483647,'24 Larry Lane',19,112),
(113,'Kerrill Yetts',2147483647,'630 Mandrake Park',20,113),
(114,'Weber Ponte',2147483647,'912 Sugar Pass',21,114),
(115,'Frederic Skone',2147483647,'105 Hazelcrest Park',22,115),
(116,'Darbie Perrett',2147483647,'690 Trailsway Street',23,116),
(117,'Joseito Neill',2147483647,'07 Spenser Circle',24,117),
(118,'Kahlil Spittles',2147483647,'5106 Shelley Trail',25,118),
(119,'Collie Spradbery',2147483647,'85603 Bobwhite Circle',26,119),
(120,'Lanita Blacket',2147483647,'69260 Gina Trail',27,120),
(121,'Frederic Biggerstaff',2147483647,'12203 Menomonie Drive',28,121),
(122,'Bary Slatter',2147483647,'9 Dryden Point',29,122),
(123,'Cati Massey',2147483647,'32 Marcy Hill',30,123),
(124,'Bonnie Bercher',2147483647,'87679 Menomonie Lane',31,124),
(125,'Ynez Birt',2147483647,'7 Helena Plaza',32,125),
(126,'Matelda Barroux',2147483647,'66 Carberry Terrace',33,126),
(127,'Rosalie Philipeaux',1068821968,'7 Service Alley',34,127),
(128,'Gilli Dole',2147483647,'816 Bashford Hill',35,128),
(129,'Marysa Berrigan',1091154773,'957 Crowley Hill',36,129),
(130,'Truda Steiner',2147483647,'5 2nd Junction',37,130),
(131,'West Sparshott',2147483647,'22 Texas Way',38,131),
(132,'Abel Espinosa',2147483647,'565 Meadow Vale Lane',39,132),
(133,'Clark Curmi',2147483647,'87 Transport Terrace',40,133),
(134,'Olympia Hulkes',2147483647,'328 Sunbrook Drive',41,134),
(135,'Mahmoud Milsted',2147483647,'79780 Dottie Pass',42,135),
(136,'Alysia Tidey',2147483647,'978 Mallard Parkway',43,136),
(137,'Sophie Fausset',2147483647,'633 Upham Avenue',44,137),
(138,'Thea Toffolo',2147483647,'631 Ridgeview Crossing',45,138),
(139,'Naomi Bradwell',2147483647,'8311 Old Gate Lane',46,139),
(140,'Rollin Foyster',2147483647,'8 Granby Lane',47,140),
(141,'Palm Burgis',2147483647,'0 Oakridge Drive',48,141),
(142,'Maurie Fuente',2147483647,'88084 Di Loreto Hill',49,142),
(143,'Tana Delacroix',2147483647,'0 Del Sol Junction',50,143),
(144,'Ethelyn Scarratt',2147483647,'27 Garrison Street',51,144),
(145,'Chery Kemell',2147483647,'8963 Elka Alley',52,145),
(146,'Theodosia Izzat',2147483647,'66 Center Way',53,146),
(147,'Harold Lafontaine',2147483647,'01 Northview Road',54,147),
(148,'Veradis McIlory',2147483647,'94986 Loftsgordon Place',55,148),
(149,'Basilio Harsnipe',2147483647,'3 Bay Drive',56,149),
(150,'Ardella Labrone',2147483647,'01374 Graceland Parkway',57,150),
(151,'Cleon Checcucci',2147483647,'28153 Mosinee Avenue',58,151),
(152,'Ki Brunger',2147483647,'570 Lake View Terrace',59,152),
(153,'Andra Snipe',1144839397,'4 Warrior Hill',60,153),
(154,'Lauren Klimsch',2147483647,'72 Pleasure Junction',61,154),
(155,'Ingunna Redit',2147483647,'52651 Prentice Street',62,155),
(156,'Ced Brabham',2147483647,'77 Hallows Parkway',63,156),
(157,'Gabbey Planque',2147483647,'9 Arrowood Parkway',64,157),
(158,'Ancell Excell',2147483647,'4819 Laurel Street',65,158),
(159,'Lindsay Mullineux',2147483647,'616 Crowley Alley',66,159),
(160,'Lenna Seldner',2147483647,'7403 Esker Plaza',67,160),
(161,'Effie Netherwood',1902764689,'19 Daystar Lane',68,161),
(162,'Jacqueline Kleinzweig',2147483647,'4 La Follette Avenue',69,162),
(163,'Shurlocke Greatorex',2147483647,'0 Thierer Parkway',70,163),
(164,'Gilligan Aggio',2147483647,'9618 Orin Park',71,164),
(165,'Ellery Gapper',2147483647,'123 Brown Point',72,165),
(166,'Merry Conant',2147483647,'47 Stone Corner Pass',73,166),
(167,'Leilah Venning',2147483647,'3127 Sherman Lane',74,167),
(168,'Jeanine Basili',2147483647,'800 Pawling Pass',75,168),
(169,'Giorgi Newling',2147483647,'16 Dapin Parkway',76,169),
(170,'Bonni Puttock',2147483647,'6 Monterey Center',77,170),
(171,'Shaina Cutbirth',2147483647,'3 Gale Court',78,171),
(172,'Teresina O\' Mara',2147483647,'650 Stang Place',79,172),
(173,'Paco Hagston',2147483647,'0 Quincy Circle',80,173),
(174,'Ania Torri',2147483647,'5 Oak Drive',81,174),
(175,'Filbert Dolden',1268834937,'9445 Badeau Place',82,175),
(176,'Anita Arpino',2147483647,'7 Loomis Way',83,176),
(177,'Nicolas Swate',1081676610,'1 Fulton Center',84,177),
(178,'Gamaliel Cuming',1198547455,'139 Iowa Point',85,178),
(179,'Bartolomeo McVee',2147483647,'3 Crest Line Hill',86,179),
(180,'Frasier Jeskin',2147483647,'997 Schiller Center',87,180),
(181,'Elga Lancetter',2147483647,'4399 Village Green Street',88,181),
(182,'Nyssa Gerhts',2015109463,'77261 Kings Court',89,182),
(183,'Harwell Cuttler',2147483647,'8 Oriole Center',90,183),
(184,'Dodie Tegler',2147483647,'2 Arapahoe Point',91,184),
(185,'Rubin Pletts',2147483647,'441 Becker Junction',92,185),
(186,'Jill Lestrange',2147483647,'710 Kropf Crossing',93,186),
(187,'Troy Dellenty',2147483647,'29 Pond Place',50,187),
(188,'Phyllys Phoenix',2147483647,'87 Dunning Avenue',1,188),
(189,'Alyda Gradly',2147483647,'75083 Vermont Road',2,189),
(190,'Yorgos Kaufman',2147483647,'73621 Mifflin Court',3,190),
(191,'Tobe Pidgeley',2147483647,'97469 Commercial Alley',4,191),
(192,'Page Sapseed',2147483647,'58 Moulton Park',5,192),
(193,'Edik Strongman',2147483647,'20255 Daystar Drive',6,193),
(194,'Parsifal Brandassi',2147483647,'1762 Gulseth Alley',7,194),
(195,'Ashla Mation',2147483647,'9 Pankratz Crossing',8,195),
(196,'Karin Bysh',1832642979,'3 Mifflin Place',9,196),
(197,'Kassie Dakhov',2147483647,'8925 Killdeer Point',10,197),
(198,'Archy Backen',1553355096,'9934 Pawling Place',11,198),
(199,'Barthel Bodycote',2147483647,'18 Kedzie Crossing',12,199),
(200,'Nathaniel Linforth',2147483647,'296 Manitowish Circle',13,200),
(201,'Travers Costley',2147483647,'994 Ludington Street',14,201),
(202,'Mahmud Labro',2147483647,'77 Oneill Parkway',15,202),
(203,'Kirbie Collett',2147483647,'78021 Grim Avenue',16,203),
(204,'Derrek Wilber',2147483647,'36 Sullivan Hill',17,204),
(205,'Charmain Fort',2147483647,'34351 Marcy Street',18,205),
(206,'Prudy Luce',2147483647,'99997 Crownhardt Trail',19,206),
(207,'Chad Klampt',2147483647,'7805 Pennsylvania Hill',20,207),
(208,'Bronson Candlish',2147483647,'0813 Spenser Center',21,208),
(209,'Bernita Goodday',2147483647,'014 Morningstar Alley',22,209),
(210,'Lira Steven',2147483647,'30 Waxwing Street',23,210),
(211,'Dukie Petts',2147483647,'39863 Clove Street',24,211),
(212,'Case Padly',2147483647,'6228 Delaware Plaza',25,212),
(213,'Gaynor Budnk',2147483647,'07226 Elmside Place',26,213),
(214,'Weber Roze',1408153121,'8 Moulton Hill',27,214),
(215,'Karalee Behnecken',2147483647,'4245 Warner Lane',28,215),
(216,'Pru Siggs',2147483647,'4699 Starling Trail',29,216),
(217,'Lulita Latty',2116549307,'5 Pepper Wood Point',30,217),
(218,'Ardenia MacCorkell',2147483647,'7331 Londonderry Parkway',31,218),
(219,'Xever Gonsalvo',2147483647,'311 Dahle Park',32,219),
(220,'Rhodia Raikes',2147483647,'426 Moland Terrace',33,220),
(221,'Tull Baudacci',2147483647,'5241 Ruskin Court',34,221),
(222,'Cymbre Gooden',1576788708,'201 Gateway Court',35,222),
(223,'Cairistiona Blanchette',1331337526,'86 Macpherson Circle',36,223),
(224,'Lindsey Menchenton',2147483647,'9560 Loftsgordon Terrace',37,224),
(225,'Janis Teaze',2147483647,'46 Mesta Drive',38,225),
(226,'Revkah Rollin',1806490356,'50 Maple Hill',39,226),
(227,'Alec Fellon',2147483647,'12 Barnett Point',40,227),
(228,'Andria Doniso',2147483647,'6 Merchant Terrace',41,228),
(229,'Ricky Leile',2147483647,'02 Starling Alley',42,229),
(230,'Emelen Jalland',2147483647,'713 Norway Maple Center',43,230),
(231,'Georgiana Stegel',2147483647,'528 Manufacturers Way',44,231),
(232,'Udall Battson',2147483647,'3 Porter Circle',45,232),
(233,'Juliane Unitt',2028467249,'11242 Sugar Circle',46,233),
(234,'Melitta Dollimore',2147483647,'32003 Mallard Court',47,234),
(235,'Bennett Haycraft',2147483647,'42 Sheridan Alley',48,235),
(236,'Mariel Biggam',2147483647,'083 Jana Street',49,236),
(237,'Madison Crummy',2147483647,'762 David Junction',50,237),
(238,'Israel Flury',2147483647,'546 Crowley Crossing',51,238),
(239,'Hayward Bolesworth',2147483647,'0 Canary Way',52,239),
(240,'Keary Tullot',2147483647,'19151 Cambridge Junction',53,240),
(241,'Alair Cattenach',2147483647,'2 Village Center',54,241),
(242,'Rosamund Morsey',2147483647,'018 Mandrake Circle',55,242),
(243,'Danell Lamplough',2147483647,'500 Vahlen Trail',56,243),
(244,'Vladimir Langhorne',2147483647,'58538 Hanover Way',57,244),
(245,'Rosalia Huckfield',2147483647,'5912 Utah Park',58,245),
(246,'Allyson De Bernardis',2147483647,'7 Thierer Trail',59,246),
(247,'Jerrine Linfitt',2147483647,'04261 Delladonna Hill',60,247),
(248,'Catharine Dooly',2147483647,'28 Muir Court',61,248),
(249,'Fleming Caldron',2147483647,'90 Troy Lane',62,249),
(250,'Buffy O\'Quin',2147483647,'44 Susan Trail',63,250),
(251,'Michelina Cockshutt',2147483647,'0 Hauk Road',64,251),
(252,'Gilligan Strivens',2147483647,'59 Pennsylvania Park',65,252),
(253,'Hillary Braban',2147483647,'4 Towne Road',66,253),
(254,'Tamarah Bellini',2147483647,'3369 Mesta Park',67,254),
(255,'Doug Eckersley',2147483647,'84544 Westridge Road',68,255),
(256,'Rogerio Yearn',2147483647,'946 Rusk Point',69,256),
(257,'Tine Lapre',2147483647,'323 Lawn Park',70,257),
(258,'Camila Dilliway',2147483647,'0396 2nd Place',71,258),
(259,'Dietrich Graser',2147483647,'3 Kingsford Crossing',72,259),
(260,'Gay Furminger',2147483647,'211 Delladonna Junction',73,260),
(261,'Ynes Fairbeard',2147483647,'68 Meadow Ridge Drive',74,261),
(262,'Bill Dietsche',2141491238,'4 Portage Center',75,262),
(263,'Eva Hussy',2147483647,'184 Lien Alley',76,263),
(264,'Petr Dyster',1771967457,'70353 American Parkway',77,264),
(265,'Shalne Papworth',2147483647,'867 Farragut Way',78,265),
(266,'Petrina Sheardown',2147483647,'347 Barnett Plaza',79,266),
(267,'Katharyn Stockport',2147483647,'3914 Mallard Road',80,267),
(268,'Boone Card',2147483647,'7 Red Cloud Drive',81,268),
(269,'Rasia Oldroyde',2147483647,'3 North Center',82,269),
(270,'Wallache Le Monnier',1331848600,'693 Mayfield Lane',83,270),
(271,'Michaella Draper',2147483647,'2764 Elgar Park',84,271),
(272,'Foster Tilmouth',2147483647,'74 Bluestem Parkway',85,272),
(273,'Ellery Shellshear',2147483647,'76 Dexter Circle',86,273),
(274,'Gawain Ingraham',2147483647,'467 Reindahl Park',87,274),
(275,'Chelsie Scourge',2147483647,'40 Schurz Hill',88,275),
(276,'Lou Tampen',2147483647,'0877 Eagan Point',89,276),
(277,'Corny Sinderland',2147483647,'651 Armistice Avenue',90,277),
(278,'Theodoric Sadry',2147483647,'58356 Continental Road',91,278),
(279,'Bronson Tansley',2147483647,'60 Ryan Terrace',92,279),
(280,'Maura Angeau',2147483647,'820 Morning Crossing',93,280),
(281,'Gardiner Clementucci',2147483647,'2 Kipling Pass',1,281),
(282,'Melina Plowes',1136926219,'4785 Butternut Drive',2,282),
(283,'Udall Maddams',2147483647,'50415 Village Center',3,283),
(284,'Shelba Lobell',2147483647,'58720 Westend Pass',4,284),
(285,'Dana Cormode',2147483647,'209 Marcy Park',5,285),
(286,'Son Bradie',2147483647,'4 Magdeline Avenue',6,286),
(287,'Kurtis Figgs',2004188846,'0201 Gina Avenue',7,287),
(288,'Kordula Girardetti',2147483647,'723 Walton Park',8,288),
(289,'Tammie Feetham',2147483647,'75053 Springview Court',9,289),
(290,'Abey Buzzing',2147483647,'17 Bellgrove Place',10,290),
(291,'Kristo Colegate',2147483647,'25 Stone Corner Plaza',12,291),
(292,'Duncan Fomichkin',2147483647,'27 Sheridan Drive',13,292),
(293,'Dene Glassard',1989045195,'5 Walton Court',14,293),
(294,'Madelon Peschet',2147483647,'31843 Susan Park',15,294),
(295,'Jane Clemo',2147483647,'1 Warrior Trail',16,295),
(296,'Warner Barriball',2147483647,'23 International Park',17,296),
(297,'Celestia Landeg',2147483647,'31828 Ryan Park',18,297),
(298,'Eugen MacGilpatrick',1851887095,'595 Lotheville Way',19,298),
(299,'Tamqrah Lucken',1217691158,'4 Autumn Leaf Street',20,299),
(300,'Jemima Demanche',2147483647,'7165 Towne Pass',21,300),
(301,'Trish Shanley',2147483647,'383 Luster Street',22,301),
(302,'Dedie Pappin',2147483647,'262 Tennessee Way',23,302),
(303,'Erina Cato',2147483647,'06336 Westport Point',24,303),
(304,'Doreen Mattinson',2147483647,'344 Portage Road',25,304),
(305,'Ollie Sherred',2147483647,'145 Elmside Hill',26,305),
(306,'Livia Boyne',2147483647,'86817 Browning Hill',27,306),
(307,'Rahal Coyle',2147483647,'15288 Aberg Drive',28,307),
(308,'Brigg Toth',2147483647,'223 Cottonwood Hill',29,308),
(309,'Finn Clifforth',2147483647,'136 Butterfield Alley',30,309),
(310,'Efren O\'Docherty',2147483647,'5 Eagle Crest Parkway',31,310),
(311,'Jolyn DelaField',2147483647,'3 Oxford Road',32,311),
(312,'Blayne Danbye',2147483647,'95 Mallard Road',33,312),
(313,'Brande MacAskill',2147483647,'25316 La Follette Road',34,313),
(314,'Verine Westfield',2147483647,'6258 Ludington Plaza',35,314),
(315,'Marlyn Tosspell',1541847237,'3 Vidon Road',36,315),
(316,'Corissa Geldert',2147483647,'5 Algoma Lane',37,316),
(317,'Lionello Guichard',2147483647,'3516 Grasskamp Circle',38,317),
(318,'Karia Scanlan',2147483647,'0966 Kenwood Trail',39,318),
(319,'Francklin Beardshaw',2147483647,'7 Bellgrove Plaza',40,319),
(320,'Stinky Gossling',2147483647,'758 Schmedeman Road',41,320),
(321,'Zachary Kahler',2147483647,'05998 Magdeline Alley',42,321),
(322,'Arliene Rainer',2147483647,'84 Vera Parkway',43,322),
(323,'Sidonnie Greenhouse',2147483647,'54336 Rusk Plaza',44,323),
(324,'Adelina Karpenya',2147483647,'518 Golden Leaf Point',45,324),
(325,'Gail Whitten',2147483647,'7 Hooker Circle',46,325),
(326,'Ody Zanetto',2147483647,'88177 Butternut Junction',47,326),
(327,'Suzi Kalberer',2147483647,'1092 Victoria Street',48,327),
(328,'Hammad Aylwin',2146678436,'0 Summerview Junction',49,328),
(329,'Loni Hollingshead',2147483647,'17405 Monica Plaza',50,329),
(330,'Isidoro Winckworth',2147483647,'7884 Mcguire Road',51,330),
(331,'Rice Essex',2147483647,'1184 Lindbergh Park',52,331),
(332,'Josy Emes',2147483647,'564 Merrick Circle',53,332),
(333,'Parker Robez',2147483647,'1 Lake View Court',54,333),
(334,'Kiley Crohan',2147483647,'4240 3rd Hill',55,334),
(335,'Umberto Pessold',1786777893,'43708 Burrows Point',56,335),
(336,'Sisely Melland',2147483647,'04 Pepper Wood Way',57,336),
(337,'Davina Jarmaine',2147483647,'22 Graceland Place',58,337),
(338,'Alane Benck',2147483647,'4 Jana Terrace',59,338),
(339,'Ab Shirtliff',1222426771,'19 Lien Crossing',60,339),
(340,'Fayth Shaxby',2147483647,'19 Westend Park',61,340),
(341,'Wilbert Gait',2147483647,'16 Eastwood Terrace',62,341),
(342,'Pearline Gomery',1718359789,'34845 Becker Road',63,342),
(343,'Terrye Roser',2147483647,'42126 Gina Street',64,343),
(344,'Andra Avrahamy',2147483647,'302 Ridge Oak Drive',65,344),
(345,'Theressa Lewington',2147483647,'3403 Laurel Center',66,345),
(346,'Erminie Jambrozek',2147483647,'51 Butternut Drive',67,346),
(347,'Fancy Sneddon',2147483647,'3649 Pearson Avenue',68,347),
(348,'Micheline Carey',2147483647,'637 Wayridge Place',69,348),
(349,'Irene Strickett',2147483647,'0498 South Park',70,349),
(350,'Mace Hendrik',2147483647,'0 Veith Pass',71,350),
(351,'Waiter Hendrichs',2147483647,'03755 Grim Crossing',72,351),
(352,'Panchito Succamore',1135442927,'651 Jana Drive',73,352),
(353,'Biron Cholerton',2147483647,'252 Ryan Crossing',74,353),
(354,'Natal Noirel',2147483647,'70 Springs Lane',75,354),
(355,'Elyse Pach',2147483647,'25 Lawn Alley',76,355),
(356,'Jamaal Tutchener',2147483647,'5823 Brown Drive',77,356),
(357,'Zara Vaillant',2147483647,'6109 Cottonwood Park',78,357),
(358,'Wendie Weinmann',2147483647,'2 Sommers Park',79,358),
(359,'Kylen Toghill',2147483647,'2 Fisk Plaza',80,359),
(360,'Pincus D\'Andrea',2147483647,'646 Steensland Point',81,360),
(361,'Martguerita McGillacoell',2147483647,'7534 Killdeer Court',82,361),
(362,'Fleur Nassau',2147483647,'889 Atwood Trail',83,362),
(363,'Ashlen Gaitskell',2147483647,'0 Raven Plaza',84,363),
(364,'Meredeth Maunsell',1446849425,'77 Annamark Plaza',85,364),
(365,'Morgun Dunnion',2147483647,'61894 Hallows Alley',86,365),
(366,'Ruth Chaston',2147483647,'9616 Fordem Way',87,366),
(367,'Charmane Essery',2147483647,'1 Ohio Hill',88,367),
(368,'Averil Swadlen',2147483647,'9560 Nevada Point',89,368),
(369,'Shina Gyurkovics',2147483647,'1898 Jenifer Point',90,369),
(370,'Olga Bellie',2147483647,'409 Prairieview Avenue',91,370),
(371,'Bryant Coultas',2147483647,'6 Loeprich Street',92,371),
(372,'Alane Betton',2147483647,'6814 Glendale Junction',93,372),
(373,'Jessey Stanners',2147483647,'1 Arkansas Road',1,373),
(374,'Toiboid Hindshaw',2147483647,'0202 Lawn Pass',2,374),
(375,'Marven Margerrison',2147483647,'7 Butternut Plaza',3,375),
(376,'Gladys Gerleit',2147483647,'80 Dexter Park',4,376),
(377,'Cati Meffan',2033216441,'9315 Annamark Alley',5,377),
(378,'Mariejeanne Turri',2147483647,'544 Loomis Avenue',6,378),
(379,'Hyacinthe Oloman',2147483647,'05793 Waywood Street',7,379),
(380,'Kurtis Baversor',2147483647,'9806 School Drive',8,380),
(381,'Laurel Goseling',2147483647,'1942 Anzinger Plaza',9,381),
(382,'Egor Willetts',2147483647,'35429 Aberg Hill',10,382),
(383,'Lon Howsego',2147483647,'364 Judy Alley',31,383),
(384,'Ancell Meininking',2147483647,'5 School Court',32,384),
(385,'Marge Crowter',2147483647,'3 Fulton Plaza',33,385),
(386,'Melinda Pitrelli',2147483647,'73 Evergreen Hill',34,386),
(387,'Bram Wincom',2147483647,'2 Morningstar Crossing',35,387),
(388,'Cointon Hakes',2147483647,'64 Vahlen Park',36,388),
(389,'Kiersten Sjollema',2147483647,'2395 Fisk Way',37,389),
(390,'Kellina Franchioni',1218611791,'14 Surrey Trail',38,390),
(391,'Aimee Lathy',2147483647,'4520 Michigan Court',39,391),
(392,'Corie Benion',2147483647,'61013 Oriole Parkway',40,392),
(393,'Bertie Gradon',2147483647,'2 Nancy Way',41,393),
(394,'Helena Pinkard',2147483647,'40340 Susan Place',42,394),
(395,'Forrester Dulanty',1589035921,'83 Sugar Way',43,395),
(396,'Marlie Davidek',2147483647,'64 Sugar Pass',44,396),
(397,'Kriste Wooldridge',2147483647,'61 Namekagon Park',45,397),
(398,'Gustav Village',2147483647,'613 Kingsford Pass',46,398),
(399,'Fancie Comfort',2147483647,'1 Longview Lane',47,399),
(400,'Mimi Endrighi',2147483647,'60671 Ludington Pass',48,400),
(401,'Katlin Wetherburn',2147483647,'3 Corry Hill',49,401),
(402,'Tootsie McVeighty',2147483647,'653 Hudson Center',50,402),
(403,'Lezlie MacDougall',2147483647,'914 Mandrake Plaza',51,403),
(404,'Selina Edler',1903257536,'8322 Jenna Alley',52,404),
(405,'Fairleigh Norheny',2147483647,'0117 Rieder Street',53,405),
(406,'Dana Bilfoot',2147483647,'2 Morningstar Road',54,406),
(407,'Normie Tanton',2147483647,'1 Waubesa Drive',55,407),
(408,'Salomo Guilaem',2147483647,'41 Iowa Place',56,408),
(409,'Steffen Quirke',2147483647,'0 Gulseth Park',57,409),
(410,'Karie Pughsley',2147483647,'86 Almo Pass',58,410),
(411,'Flemming Rodson',2147483647,'7 Northport Park',59,411),
(412,'Humphrey Goodlip',2147483647,'92 Carpenter Park',60,412),
(413,'Elissa Laydon',2147483647,'7510 Grim Crossing',61,413),
(414,'Angelia Sturley',2147483647,'6453 Sycamore Center',62,414),
(415,'Stanfield Hallford',2147483647,'3139 Florence Alley',63,415),
(416,'Michel Torre',2147483647,'63 Hudson Hill',64,416),
(417,'Eugenio Hibling',2147483647,'397 Bay Point',65,417),
(418,'Iosep Broadbridge',2147483647,'447 Huxley Avenue',66,418),
(419,'Rudie Beldum',2147483647,'186 Randy Parkway',67,419),
(420,'Rosaleen Heliot',2147483647,'745 Pond Pass',68,420),
(421,'Oliviero Culleton',1738894803,'53006 Sommers Park',69,1),
(422,'Manon Glynne',2147483647,'50184 Orin Trail',70,2),
(423,'Colly Relf',2147483647,'58 Sutteridge Lane',71,3),
(424,'Waldo De Mitris',2147483647,'8912 Maple Wood Pass',72,4),
(425,'Phillida Luckes',2147483647,'57 Fieldstone Crossing',73,5),
(426,'Leyla Scamp',2147483647,'4873 Del Mar Street',74,6),
(427,'Elysia Readwing',2147483647,'99404 Sachs Point',75,7),
(428,'Ina Danielsohn',2147483647,'6637 Glacier Hill Alley',76,8),
(429,'Trent Franzman',2147483647,'8 Eagle Crest Terrace',77,9),
(430,'Eamon Stoak',2147483647,'0 Nelson Hill',78,10),
(431,'Rozalin Maase',2147483647,'61 Logan Junction',79,11),
(432,'Rosaleen Vido',2147483647,'1731 Erie Trail',80,12),
(433,'Norah Elmhirst',1116950532,'6578 Ruskin Parkway',81,13),
(434,'Tamqrah Boteman',2147483647,'5 Mcguire Lane',82,14),
(435,'Dorree Yannikov',2147483647,'655 South Parkway',83,15),
(436,'Dominik Brazenor',2147483647,'27976 Judy Road',84,16),
(437,'Udell Deplacido',1252779278,'805 Pepper Wood Hill',85,17),
(438,'Annecorinne Eary',2147483647,'03173 Superior Alley',86,18),
(439,'Tull Noden',2147483647,'39 Eastwood Park',87,19),
(440,'Everett Peers',2147483647,'6 Petterle Pass',88,20),
(441,'Romona Thaim',1919912246,'98479 Reinke Alley',89,21),
(442,'Kain Polhill',2147483647,'372 Acker Road',90,22),
(443,'Car MacNess',2147483647,'01050 Swallow Alley',91,23),
(444,'Abra Streeter',2147483647,'01060 Blaine Center',92,24),
(445,'Bambi O\'Scully',2147483647,'486 Arizona Court',93,25),
(446,'Shayne Maestro',2147483647,'3521 Crownhardt Center',12,26),
(447,'Bea McCumskay',2147483647,'220 Starling Parkway',13,27),
(448,'Chrissy Garthshore',2147483647,'10408 Homewood Parkway',14,28),
(449,'Maurene Purtell',1575147202,'221 Huxley Avenue',15,29),
(450,'Jamaal Kelf',2147483647,'6857 Raven Trail',16,30),
(451,'Alfonse MacAscaidh',2147483647,'0 Dawn Park',17,31),
(452,'Dena Deshon',2147483647,'46578 Burning Wood Trail',18,32),
(453,'Seline Mulberry',2147483647,'8875 North Hill',19,33),
(454,'Lek Houlison',2147483647,'984 Moulton Court',20,34),
(455,'Nessy Webberley',2147483647,'1525 Mayfield Junction',21,35),
(456,'Leona Gouldstone',2147483647,'39245 Hermina Point',22,36),
(457,'Clayborn MacDonough',1491354388,'553 Debra Avenue',23,37),
(458,'Noah Orum',2147483647,'2 Southridge Street',24,38),
(459,'Rasia Fairbourn',2147483647,'24 Blue Bill Park Trail',25,39),
(460,'Pearla Strickett',2147483647,'721 Autumn Leaf Avenue',26,40),
(461,'Gerardo Masding',2147483647,'237 Kensington Pass',27,41),
(462,'Susy Haskew',2147483647,'999 Northwestern Parkway',28,42),
(463,'Luce Sinyard',2147483647,'60006 2nd Drive',29,43),
(464,'Petunia Colnet',1528996362,'304 Stoughton Drive',30,44),
(465,'Aubry Douch',2147483647,'497 Dexter Junction',31,45),
(466,'Levi McGuirk',2147483647,'7 Hanson Parkway',32,46),
(467,'Sephira Tottman',2147483647,'3908 Ryan Place',33,47),
(468,'Joellyn Lideard',2147483647,'763 Columbus Pass',34,48),
(469,'Norby McDarmid',2147483647,'9 Scofield Drive',35,49),
(470,'Mellie Caren',2147483647,'470 Village Green Plaza',36,50),
(471,'Hatty Tilburn',2147483647,'60 International Point',37,51),
(472,'Rhiamon Nuzzetti',2147483647,'8 Village Green Trail',38,52),
(473,'Melody Armin',1029210311,'668 3rd Parkway',39,53),
(474,'Arnoldo Hornig',1057255906,'314 Continental Street',40,54),
(475,'Allison Birkby',2147483647,'8285 Mitchell Center',41,55),
(476,'Izabel Raftery',1115372012,'8 Oriole Crossing',42,56),
(477,'Vittoria Gurry',2147483647,'2675 Elka Hill',43,57),
(478,'Thatch Hallam',2147483647,'5 Pepper Wood Plaza',44,58),
(479,'Jonie Lineen',2006154061,'2821 Manitowish Trail',45,59),
(480,'Latrina Bothams',1084432462,'69000 Lunder Trail',46,60),
(481,'Becca Hughill',2147483647,'1 Acker Avenue',47,61),
(482,'Luca Spurett',2147483647,'1440 Michigan Drive',48,62),
(483,'Urbain Aarons',2147483647,'10 Ronald Regan Plaza',49,63),
(484,'Ulick Hillett',2147483647,'166 Bartelt Street',50,64),
(485,'Cecily Mylan',2147483647,'931 Holy Cross Parkway',51,65),
(486,'Corbet Lazar',2147483647,'72785 Harper Lane',52,66),
(487,'Sylvia Veazey',2147483647,'8347 Parkside Center',53,67),
(488,'Sydel Rapsey',2147483647,'42 Tomscot Alley',54,68),
(489,'Chaim Harvie',2147483647,'683 Sunbrook Parkway',55,69),
(490,'Annabela Evanson',2147483647,'1 Anderson Alley',56,70),
(491,'Percy Smorthit',2147483647,'9907 Ohio Trail',57,71),
(492,'Latia Whatsize',2147483647,'05311 Mccormick Crossing',58,72),
(493,'Katalin Dudek',2147483647,'6 Butterfield Trail',59,73),
(494,'Minerva Vivian',2147483647,'31 Corscot Street',60,74),
(495,'Katey Fielder',2147483647,'40 Texas Junction',61,75),
(496,'Donaugh Bundey',2147483647,'2 Golf View Terrace',62,76),
(497,'Crissie Crofthwaite',2147483647,'01959 Bultman Center',63,77),
(498,'Virgil Vickerstaff',2147483647,'69 Vahlen Street',64,78),
(499,'Celestine Bendik',2147483647,'26 Bayside Point',65,79),
(500,'Celestyn Hyslop',2147483647,'94486 Fairfield Place',66,80),
(501,'Margaretta Dumbrall',2147483647,'31782 Birchwood Alley',67,81),
(502,'Iorgo Drynan',2147483647,'061 Stone Corner Parkway',68,82),
(503,'Shaine Assard',2147483647,'555 Corscot Parkway',69,83),
(504,'Kin Drake',2147483647,'8015 Mayer Street',70,84),
(505,'Faydra Eingerfield',2147483647,'7547 Darwin Terrace',71,85),
(506,'Rufus Crocetto',2147483647,'61 Lukken Center',72,86),
(507,'Chic Cheeney',2147483647,'159 Pleasure Pass',73,87),
(508,'Jennette Alabaster',2147483647,'9 Hanson Pass',74,88),
(509,'Kiel Prover',2147483647,'353 Elmside Center',75,89),
(510,'Rona Polglase',2133335092,'966 Burrows Park',76,90),
(511,'Patsy McCaskell',2147483647,'68 Schurz Alley',77,91),
(512,'Agna Caplis',2147483647,'06 Fisk Point',78,92),
(513,'Avrom Batcock',2147483647,'12 Thompson Trail',79,93),
(514,'Alys Cockerton',2147483647,'1 Fulton Point',80,94),
(515,'Iorgos Scrowson',2147483647,'0197 Hoard Way',81,95),
(516,'Ximenes Brightling',2147483647,'78 Sheridan Trail',82,96),
(517,'Tudor Dumbrell',2147483647,'5268 6th Crossing',83,97),
(518,'Faustina Woodyatt',2147483647,'7 Arizona Pass',84,98),
(519,'Olimpia Brigstock',2147483647,'8930 Coleman Terrace',85,99),
(520,'Madalyn Veighey',1891443561,'6 6th Park',86,100),
(521,'Marven Gascone',2147483647,'1553 Bashford Avenue',87,101),
(522,'Kerrill Hargreves',2147483647,'6470 Stang Parkway',88,102),
(523,'Helenka Rigate',2147483647,'291 Buhler Circle',89,103),
(524,'Farlay Bridie',2147483647,'446 Coolidge Drive',90,104),
(525,'Zora Yeatman',2147483647,'2487 High Crossing Alley',91,105),
(526,'Blondelle Popov',2147483647,'26 Lukken Place',92,106),
(527,'Olimpia Hansley',2147483647,'9439 Oriole Junction',93,107),
(528,'Judah Fehners',2147483647,'2 Carpenter Street',1,108),
(529,'Neddy Beynkn',2147483647,'5971 Clemons Parkway',2,109),
(530,'Leonore Camplen',2147483647,'86 Westridge Crossing',3,110),
(531,'Ciel Mabe',2147483647,'6 Dunning Way',4,111),
(532,'Ursula Van Leeuwen',2147483647,'72109 Burrows Road',5,112),
(533,'Humberto Jerzyk',2147483647,'9 Sugar Parkway',6,113),
(534,'Diane Damsell',2147483647,'62872 Bartelt Lane',7,114),
(535,'Carolus Filipiak',2147483647,'62879 Waubesa Place',8,115),
(536,'Marissa Bentham3',2147483647,'5 Amoth Circle',9,116),
(537,'Con Oliveto',2147483647,'2 Commercial Drive',10,117),
(538,'Floyd Couch',2147483647,'190 7th Trail',21,118),
(539,'Analise Demoge',2147483647,'3 Crescent Oaks Pass',22,119),
(540,'Mildrid Cicco',1709006256,'698 New Castle Alley',23,120),
(541,'Timothea de Lloyd',2147483647,'9 Kensington Plaza',2,121),
(542,'Carina Tolchard',2096046949,'199 Spohn Street',3,122),
(543,'Larry Fero',1316925250,'44129 Texas Court',4,123),
(544,'Ceil Domeney',2147483647,'1 Kenwood Street',5,124),
(545,'Cortie Lerego',1801396337,'39 Sullivan Point',6,125),
(546,'Isadora Harrell',2147483647,'346 Sommers Point',7,126),
(547,'Grace Peert',2147483647,'83117 Longview Circle',8,127),
(548,'Tanya Tebbut',2147483647,'5089 Pine View Court',9,128),
(549,'Belinda Fenner',2147483647,'34787 Annamark Point',10,129),
(550,'Lonee Sangar',2147483647,'01619 Sunfield Hill',11,130),
(551,'Jayme Creeboe',2147483647,'6 Mosinee Park',12,131),
(552,'Fey Gude',2147483647,'8373 Burrows Crossing',13,132),
(553,'Web Gautrey',2147483647,'43 Porter Pass',14,133),
(554,'Tommie Elmhirst',2147483647,'35 Dexter Place',15,134),
(555,'Katya Mattecot',2147483647,'21323 Nova Circle',16,135),
(556,'Margarita Orans',2147483647,'16 Nancy Trail',17,136),
(557,'Emmie Lambe',2147483647,'9 Saint Paul Court',18,137),
(558,'Tiphani Giddins',2147483647,'2921 Raven Hill',19,138),
(559,'Leola Ridgley',1109167359,'5 Portage Street',20,139),
(560,'Norry Bountiff',2147483647,'060 Stang Avenue',21,140),
(561,'Kareem Nelane',2147483647,'9808 Bonner Road',22,141),
(562,'Loni Burdge',2147483647,'775 Utah Pass',23,142),
(563,'Margery Martinie',2147483647,'98526 Rockefeller Way',24,143),
(564,'Cristi Izhak',2147483647,'181 Shelley Plaza',25,144),
(565,'Grantley Hynson',2147483647,'0053 Mccormick Hill',26,145),
(566,'Ortensia Korneichuk',2147483647,'625 Garrison Street',27,146),
(567,'Darla Matyukon',2147483647,'73 Little Fleur Drive',28,147),
(568,'Britt Normanvill',2147483647,'9 Erie Way',29,148),
(569,'Lauren Harbar',1379765559,'12947 Jackson Lane',30,149),
(570,'Titos Szabo',2147483647,'89752 Rutledge Road',31,150),
(571,'Hirsch Holsey',2147483647,'4 Maple Wood Court',32,151),
(572,'Marisa Boards',2147483647,'9581 Boyd Drive',33,152),
(573,'Fons Hoggan',2147483647,'2615 Orin Road',34,153),
(574,'Clarissa Butteris',2147483647,'0693 Farwell Crossing',35,154),
(575,'Trish Aspenlon',2147483647,'169 Ridgeview Road',36,155),
(576,'Wynn Rowston',2147483647,'4 Cherokee Lane',37,156),
(577,'Fionnula Finder',2147483647,'2 Stoughton Pass',38,157),
(578,'Frederigo Labba',2147483647,'8987 Paget Drive',39,158),
(579,'Breanne Eich',2147483647,'0 Clyde Gallagher Plaza',40,159),
(580,'Velma Dutson',2147483647,'60 Dottie Point',41,160),
(581,'Donnie Frankiewicz',2147483647,'3 Farmco Circle',42,161),
(582,'Chelsie Grigoryov',2147483647,'94 Killdeer Point',43,162),
(583,'Brewer Machan',2147483647,'69285 8th Drive',44,163),
(584,'Lexi Aingel',1712555006,'70346 Coolidge Alley',45,164),
(585,'Rafaelia MacKartan',2147483647,'95239 Beilfuss Alley',46,165),
(586,'Kata Delap',2147483647,'07609 Manitowish Drive',47,166),
(587,'Dorey Pursglove',2147483647,'5 Butternut Way',48,167),
(588,'Micky Fogden',2147483647,'265 Crownhardt Pass',49,168),
(589,'Shandie Scoggin',2147483647,'621 Merchant Trail',50,169),
(590,'Hugh Bound',2147483647,'0 Dixon Parkway',51,170),
(591,'Grady Stanlake',2147483647,'97459 Londonderry Pass',52,171),
(592,'Bendicty Pentycross',2147483647,'40 Esker Parkway',53,172),
(593,'Misty Danniell',2147483647,'279 Commercial Crossing',54,173),
(594,'Oralee Driffill',2147483647,'53850 Grasskamp Point',55,174),
(595,'Druci Jacobovitz',2147483647,'19053 Twin Pines Road',56,175),
(596,'Jayme Rubenovic',2147483647,'7809 Crownhardt Point',57,176),
(597,'Nolan Frackiewicz',2147483647,'606 Daystar Way',58,177),
(598,'Vania Burkitt',2147483647,'731 Warrior Plaza',59,178),
(599,'Davin Brewis',1869637170,'077 Green Park',60,179),
(600,'Otes Tighe',2147483647,'4382 Carpenter Parkway',61,180),
(601,'Bea Selley',1044029923,'9 Mallard Hill',62,181),
(602,'Lynnelle Reisenstein',2147483647,'747 Rusk Parkway',63,182),
(603,'Erina De Vuyst',2147483647,'34531 Buell Alley',64,183),
(604,'Porty Covington',2147483647,'0265 Thompson Place',65,184),
(605,'Domenico Pragnall',2147483647,'2 Merry Hill',66,185),
(606,'Bryana Cutmore',2147483647,'100 Butternut Center',67,186),
(607,'Amii Giraudo',2147483647,'17142 Lawn Terrace',68,187),
(608,'Vyky Rizzini',2147483647,'250 Texas Hill',69,188),
(609,'Zuzana Matijevic',2147483647,'6 Shasta Hill',70,189),
(610,'Ike Gile',1879779676,'2 Bunting Avenue',71,190),
(611,'Magnum Bluett',2147483647,'9 Bluestem Lane',72,191),
(612,'Cyrillus Abbiss',1525042122,'88624 Trailsway Trail',73,192),
(613,'Elbertine Attewell',2147483647,'1 Gateway Circle',74,193),
(614,'Shaun Crosi',1344276765,'9 Grasskamp Alley',75,194),
(615,'Granger Marusyak',1188674607,'76 Orin Avenue',76,195),
(616,'Alphonse Robke',2147483647,'7681 Memorial Way',77,196),
(617,'Vivian Rosenhaupt',2147483647,'8 Trailsway Point',78,197),
(618,'Kariotta Waterdrinker',2147483647,'125 Parkside Hill',79,198),
(619,'Caroljean D\'Arrigo',2147483647,'6427 Warbler Junction',80,199),
(620,'Vite Hissie',2147483647,'87 Mcbride Alley',81,200),
(621,'Lannie Fussell',2147483647,'6 Red Cloud Alley',82,201),
(622,'Vivie Maria',2147483647,'558 International Avenue',83,202),
(623,'Danica Jaspar',2147483647,'010 West Place',84,203),
(624,'Cari McGovern',2147483647,'21 Steensland Place',85,204),
(625,'Barnabas Marchant',2147483647,'0 Dakota Way',86,205),
(626,'Nissy Cambling',1426153265,'1698 Sunnyside Hill',87,206),
(627,'Towny Dewar',1217098983,'950 Bartillon Circle',88,207),
(628,'Cully Records',2147483647,'9 Di Loreto Way',89,208),
(629,'Candi Waldock',2147483647,'7 Spohn Place',90,209),
(630,'Emmy Alpin',2147483647,'40415 Grasskamp Street',91,210),
(631,'Afton Jackling',2147483647,'869 Ryan Trail',92,211),
(632,'Thekla Torald',2147483647,'147 Texas Circle',93,212),
(633,'Marilin Wreford',2147483647,'197 Brown Road',12,213),
(634,'Lurette Porch',2147483647,'82 Division Avenue',13,214),
(635,'Granny Janton',2147483647,'5331 Roxbury Center',14,215),
(636,'Hugh Wedlock',2147483647,'0 Muir Park',15,216),
(637,'Silvester Terry',2147483647,'384 Rieder Pass',16,217),
(638,'Alexandro Girauld',2147483647,'16930 Spenser Plaza',17,218),
(639,'Brynna O\' Hogan',2147483647,'431 Larry Trail',18,219),
(640,'Ferrell Phelipeau',2147483647,'056 Longview Way',19,220),
(641,'Beniamino Benedikt',1026987022,'061 Vermont Terrace',20,221),
(642,'Easter Woodwing',2147483647,'48940 Calypso Point',21,222),
(643,'Mavra Legh',2147483647,'585 Porter Avenue',22,223),
(644,'Fleur Pheasant',2147483647,'49111 Little Fleur Drive',23,224),
(645,'Carl Wollen',2147483647,'5 Bunting Road',24,225),
(646,'Beniamino Bayles',2147483647,'88810 Mcbride Terrace',25,226),
(647,'Tripp Strahan',2147483647,'17380 Ruskin Place',26,227),
(648,'Jacklin Westney',2147483647,'08983 Tomscot Terrace',27,228),
(649,'Rossy Donohue',2147483647,'884 Golf Drive',28,229),
(650,'Rochelle Zimek',2147483647,'64 Lillian Crossing',29,230),
(651,'Stacey McAloren',2147483647,'2311 La Follette Lane',30,231),
(652,'Jeniece Reinhard',2021713725,'180 Elmside Crossing',31,232),
(653,'Marylynne Gooble',2147483647,'13407 Darwin Avenue',32,233),
(654,'Shurwood Want',2147483647,'6899 Bartillon Pass',33,234),
(655,'Rosamond Fozzard',1236412774,'1371 Bunker Hill Center',34,235),
(656,'Sybyl Jerrans',2147483647,'1 Paget Place',35,236),
(657,'Domeniga Farrent',2147483647,'95 Dovetail Place',36,237),
(658,'Clo Alessandrelli',2147483647,'3431 Sauthoff Drive',37,238),
(659,'Norene Kenningham',1454180868,'77 Westridge Park',38,239),
(660,'Fred Starcks',2147483647,'80 Jenna Crossing',39,240),
(661,'Verge Obington',1321362929,'779 Jenna Parkway',40,241),
(662,'Mariel Grevel',1012411611,'1801 Hansons Hill',41,242),
(663,'Neilla Bagshaw',2147483647,'53555 Moland Junction',42,243),
(664,'Tova Tumini',2147483647,'695 Lillian Park',43,244),
(665,'Cornelius De Benedictis',2147483647,'17497 Glacier Hill Crossing',44,245),
(666,'Burnard Vassall',2147483647,'2928 Valley Edge Way',45,246),
(667,'Abbi Heindrich',2147483647,'4751 Mifflin Road',46,247),
(668,'Rozella Frowd',2147483647,'2 Kipling Lane',47,248),
(669,'Pauly Wombwell',2147483647,'2182 Namekagon Parkway',48,249),
(670,'Bram Genn',2147483647,'11327 Vernon Crossing',49,250),
(671,'Pammy Seiller',2147483647,'682 Helena Junction',50,251),
(672,'Codee Whitford',2147483647,'9305 Fair Oaks Alley',51,252),
(673,'Maximilian Neaves',2147483647,'38500 Hayes Circle',52,253),
(674,'Nigel Woonton',2147483647,'60798 Waxwing Way',53,254),
(675,'Mair Bantock',2147483647,'875 Mcguire Point',54,255),
(676,'Evaleen Mines',2147483647,'69834 Bashford Terrace',55,256),
(677,'Magdalena Kenington',2147483647,'7169 Troy Plaza',56,257),
(678,'Melisse Vinnick',2147483647,'64 Melody Plaza',57,258),
(679,'Tanya Larkin',2147483647,'194 School Hill',58,259),
(680,'Lane Francombe',2147483647,'60 Waxwing Pass',59,260),
(681,'Raeann Phillips',2023781224,'08019 Carpenter Terrace',60,261),
(682,'Ramonda Martinez',2147483647,'61 Fair Oaks Circle',61,262),
(683,'Devi Flatt',2147483647,'481 Bashford Lane',62,263),
(684,'Artemus Swetenham',2147483647,'5 Talisman Way',63,264),
(685,'Bird Shapira',2147483647,'49925 Ruskin Plaza',64,265),
(686,'Louisette Anstie',2147483647,'0279 Eastwood Court',65,266),
(687,'Ikey Kemwall',2147483647,'48 Atwood Terrace',66,267),
(688,'Althea Balmadier',2147483647,'5 Northridge Park',67,268),
(689,'Leonid Casol',2147483647,'27 Marquette Road',68,269),
(690,'Leeanne Yakebovich',2147483647,'057 Warner Lane',69,270),
(691,'Wendeline Trebbett',2147483647,'1 Washington Alley',70,271),
(692,'Alasdair Summerill',2147483647,'69250 Manufacturers Way',71,272),
(693,'Weylin Silley',2147483647,'4150 Stone Corner Park',72,273),
(694,'Blair Londer',2147483647,'9 Crescent Oaks Avenue',73,274),
(695,'Rustie Mazzia',2147483647,'66 Chive Plaza',74,275),
(696,'Olympe Dosdell',2147483647,'0411 Bultman Parkway',75,276),
(697,'Claudia Ilchenko',2147483647,'4 Beilfuss Circle',76,277),
(698,'Sheri Adrain',2147483647,'4174 Sutherland Alley',77,278),
(699,'Else Cafe',2147483647,'0 Pine View Terrace',78,279),
(700,'Paddy Craddock',2147483647,'513 Bonner Trail',79,280),
(701,'Timmy Vasilic',2147483647,'0 Forest Avenue',80,281),
(702,'Joyous Germaine',2147483647,'195 Harper Place',81,282),
(703,'Muffin Hedylstone',2147483647,'986 Harper Lane',82,283),
(704,'Benni Barthel',2147483647,'267 Kenwood Alley',83,284),
(705,'Bevon Skerme',2147483647,'512 Tony Junction',84,285),
(706,'Walton Sweatland',2147483647,'339 Larry Plaza',85,286),
(707,'Ermina Sweedy',2147483647,'23231 Westport Junction',86,287),
(708,'Essie Pikhno',2147483647,'01 Westport Parkway',87,288),
(709,'Shelley Thombleson',1341861599,'7 Norway Maple Way',88,289),
(710,'Dominic Capozzi',2147483647,'60153 Kropf Way',89,290),
(711,'Maxi January',2147483647,'2 Pond Lane',90,291),
(712,'Emiline Andriveaux',2147483647,'86165 Talmadge Hill',91,292),
(713,'Fred Clougher',2147483647,'68 Packers Alley',92,293),
(714,'Gerhardt Peake',2147483647,'067 Warrior Point',93,294),
(715,'Merrielle Newson',2147483647,'03 Bartelt Way',1,295),
(716,'Honoria Thomason',2147483647,'5 Jenifer Alley',2,296),
(717,'Heloise Riddles',2147483647,'7830 Burrows Street',3,297),
(718,'Justinn Balffye',2147483647,'55471 Ridgeway Parkway',4,298),
(719,'Candice Greenrde',2147483647,'9464 Randy Park',5,299),
(720,'Patty Ditts',2147483647,'92937 Pleasure Trail',6,300),
(721,'Pippa Lantiffe',2147483647,'1357 Schlimgen Street',7,301),
(722,'Minni Trace',2147483647,'96306 Kennedy Lane',8,302),
(723,'Letty Ritter',1159917337,'58960 Summerview Street',9,303),
(724,'Adiana Balleine',2147483647,'234 Loftsgordon Way',10,304),
(725,'Holly-anne Ickeringill',2147483647,'06086 Red Cloud Plaza',21,305),
(726,'Tamra Lumly',2147483647,'90761 Golden Leaf Park',22,306),
(727,'Myron Luckings',2147483647,'2826 Shoshone Street',23,307),
(728,'Annie Casaletto',2147483647,'62 Ryan Avenue',24,308),
(729,'Phaedra Presman',2147483647,'05287 Anthes Place',25,309),
(730,'Courtnay Lindeboom',1415060679,'35711 Birchwood Circle',26,310),
(731,'Patten Thake',2147483647,'0 Weeping Birch Lane',27,311),
(732,'Clementine Leyzell',2147483647,'8 School Court',28,312),
(733,'Roberta Kerley',2147483647,'486 Kennedy Hill',29,313),
(734,'Dayna Faustian',2147483647,'4 Old Gate Point',30,314),
(735,'Rodrick Grutchfield',2147483647,'07704 Steensland Terrace',31,315),
(736,'Timmie Relton',2147483647,'53376 Ronald Regan Court',32,316),
(737,'Hershel Seth',2147483647,'22870 Hudson Alley',33,317),
(738,'Artair Wittman',2147483647,'33012 Schurz Avenue',34,318),
(739,'Natasha Muir',2147483647,'1990 Longview Hill',35,319),
(740,'Jacquelyn Unworth',2147483647,'94 Knutson Hill',36,320),
(741,'Myer Udy',1023369304,'1741 Cambridge Crossing',37,321),
(742,'Cassondra Iveans',2147483647,'3711 Redwing Plaza',38,322),
(743,'Eric Boustead',2147483647,'80206 Buhler Pass',39,323),
(744,'Ezra Porson',2147483647,'15 Roth Crossing',40,324),
(745,'Godfrey Hallede',2147483647,'47 Mosinee Place',41,325),
(746,'Reeva Emtage',1215742848,'1 Warbler Plaza',42,326),
(747,'Sherye Possa',2147483647,'3 Prairieview Court',43,327),
(748,'Kassie Shoutt',2147483647,'29117 Alpine Junction',44,328),
(749,'Sibyl Deshorts',2147483647,'29882 Sherman Junction',45,329),
(750,'Lucilia Clayworth',2147483647,'42172 Ludington Point',46,330),
(751,'Rockwell Scaysbrook',1829122631,'016 Monica Lane',47,331),
(752,'Inigo MacCome',2147483647,'92 Jay Crossing',48,332),
(753,'Crystie Leggan',2147483647,'7 Warner Drive',49,333),
(754,'Vivie Pleven',2147483647,'5119 Hayes Hill',50,334),
(755,'Jen Fullbrook',2147483647,'860 Nevada Place',51,335),
(756,'Fernande McSweeney',1647623127,'3048 Cherokee Circle',52,336),
(757,'Heather Fallow',2147483647,'87 Charing Cross Trail',53,337),
(758,'Bat Byneth',2147483647,'048 Walton Way',54,338),
(759,'Clemmie Nathon',2147483647,'4 Tony Parkway',55,339),
(760,'Jeri Maharey',2147483647,'8533 Bellgrove Terrace',56,340),
(761,'Norton Purveys',2147483647,'92145 Roth Pass',57,341),
(762,'Sutherlan Rarity',2147483647,'5 Manitowish Street',58,342),
(763,'Alecia Pimblotte',2123328966,'4985 Kropf Road',59,343),
(764,'Dexter Powis',2147483647,'35 Warrior Junction',60,344),
(765,'Sherri Haslegrave',2147483647,'17963 Farmco Way',61,345),
(766,'Ignatius Shatliffe',2147483647,'45 Vidon Parkway',62,346),
(767,'Aviva M\'cowis',2147483647,'3961 Miller Parkway',63,347),
(768,'Douglas Iggo',2147483647,'9 Porter Hill',64,348),
(769,'Harlene Camamill',2147483647,'07 Columbus Street',65,349),
(770,'Sibilla Sawfoot',2147483647,'06406 Manitowish Circle',66,350),
(771,'Margit Garley',2147483647,'3454 Paget Plaza',67,351),
(772,'Aigneis Frise',2147483647,'20 Maryland Avenue',68,352),
(773,'Mil Bazek',2134809462,'3 Hauk Drive',69,353),
(774,'Livia Styan',2147483647,'819 Claremont Avenue',70,354),
(775,'Worden Agdahl',2147483647,'21253 Independence Drive',71,355),
(776,'Kinnie Dobinson',2147483647,'42 North Drive',72,356),
(777,'Seana Papes',2147483647,'70680 Dovetail Alley',73,357),
(778,'Early Bauman',2147483647,'0977 Donald Plaza',74,358),
(779,'Trixi Doxey',2069498695,'5 Eastwood Plaza',75,359),
(780,'Adella Passion',2147483647,'221 Graceland Hill',76,360),
(781,'Clay Fagge',2147483647,'0108 Dapin Plaza',77,361),
(782,'Wendel Amoore',1206663036,'158 Grover Plaza',78,362),
(783,'Brunhilde Jore',2147483647,'4 Pennsylvania Road',79,363),
(784,'Erena Houldey',2147483647,'6870 Katie Crossing',80,364),
(785,'Heinrick Longley',2147483647,'81 Graedel Park',81,365),
(786,'Dougie Doudney',2147483647,'44922 Magdeline Terrace',82,366),
(787,'Tommy Ferby',2147483647,'7 Ridge Oak Junction',83,367),
(788,'Gayleen Swainson',2147483647,'644 Pankratz Circle',84,368),
(789,'Emmy Abrahamovitz',2147483647,'622 Roxbury Alley',85,369),
(790,'Joshua Beale',2147483647,'00835 Sheridan Road',86,370),
(791,'Pavla Meers',2147483647,'9 Hudson Avenue',87,371),
(792,'Tadeas Caudelier',2147483647,'70 Summer Ridge Way',88,372),
(793,'Bank Sadat',2147483647,'3291 Summit Road',89,373),
(794,'Cecilla Pomeroy',2147483647,'20559 Ilene Place',90,374),
(795,'Feodor Greatbach',2147483647,'00741 Kings Point',91,375),
(796,'Riannon Headrick',1241277316,'4 Melrose Point',92,376),
(797,'Diahann Riep',2147483647,'49394 Atwood Circle',93,377),
(798,'Ranique Jephcott',1609801754,'0416 Straubel Terrace',12,378),
(799,'Quintus Rosendorf',2147483647,'99528 Anthes Alley',13,379),
(800,'Arni Rhoades',2147483647,'0249 David Crossing',14,380),
(801,'Devon Keuneke',2147483647,'4 Lillian Trail',15,381),
(802,'Dareen Rothchild',1475405040,'63 Susan Street',16,382),
(803,'Easter Paulig',2147483647,'701 Cambridge Park',17,383),
(804,'Valeda Menis',2147483647,'49 Service Street',18,384),
(805,'Fey Kenny',2147483647,'85 Duke Alley',19,385),
(806,'Ardenia Pfaff',2147483647,'122 Kings Center',20,386),
(807,'Lalo Saddleton',2147483647,'0 Mitchell Lane',21,387),
(808,'Jessica Cheley',2147483647,'1664 Eastlawn Circle',22,388),
(809,'Elyssa Thonger',2147483647,'70 Clyde Gallagher Parkway',23,389),
(810,'Kurtis Teare',2147483647,'547 Mayer Road',24,390),
(811,'Kelcey Stolworthy',2147483647,'01 Oriole Crossing',25,391),
(812,'Maddalena Hirth',2147483647,'38 Novick Center',26,392),
(813,'Daria Stedmond',1856476043,'444 Crowley Plaza',27,393),
(814,'Robb Every',2147483647,'6 Mallard Place',28,394),
(815,'Timothee Thrussell',2147483647,'158 Troy Way',29,395),
(816,'Claudine Cordero',2147483647,'021 Melby Alley',30,396),
(817,'Matty Fist',2147483647,'4 Canary Parkway',31,397),
(818,'Karlis Buttler',2147483647,'67 Nevada Pass',32,398),
(819,'Hilary Dionisii',2147483647,'5 Havey Terrace',33,399),
(820,'Iolande Noblet',2147483647,'05 Dahle Junction',34,400),
(821,'Isahella Charette',2147483647,'91 Hanover Hill',35,401),
(822,'Simonne Fidge',2147483647,'2 Clyde Gallagher Drive',36,402),
(823,'Candice Le Count',2147483647,'499 Green Ridge Way',37,403),
(824,'Glenna Rigard',2147483647,'4686 Bultman Avenue',38,404),
(825,'Spike Hartzogs',2147483647,'41 Butterfield Road',39,405),
(826,'Forrester Pleager',2147483647,'9 Cardinal Court',40,406),
(827,'Annabel Ingre',2147483647,'9 Mosinee Hill',41,407),
(828,'Luca Farey',2147483647,'62955 Roth Crossing',42,408),
(829,'Babette Maudlin',2147483647,'5 Algoma Pass',43,409),
(830,'Austen Cosgry',2147483647,'032 Golf Trail',44,410),
(831,'Minnie Pillifant',2147483647,'9 Clarendon Crossing',45,411),
(832,'Hobard Southcomb',2147483647,'90091 Stone Corner Way',46,412),
(833,'Allyn Danniell',2147483647,'53285 Little Fleur Point',47,413),
(834,'Raleigh Slavin',2147483647,'8822 Lakeland Place',48,414),
(835,'Jareb Elgie',2147483647,'8 Vidon Drive',49,415),
(836,'Matteo Berrecloth',2147483647,'24 Rieder Road',50,416),
(837,'Constantine Barday',2147483647,'69581 Hollow Ridge Junction',51,417),
(838,'Aurelia Buck',2147483647,'348 Cardinal Avenue',52,418),
(839,'Cirilo Bugden',2147483647,'6728 Homewood Avenue',53,419),
(840,'Juliann Scougall',2147483647,'66422 Sunbrook Center',54,420),
(841,'Ashlie Avrahamof',2147483647,'98 Florence Road',55,1),
(842,'Dacie Jenman',2147483647,'396 Debs Pass',56,2),
(843,'Pace Ubank',2147483647,'539 Crowley Road',57,3),
(844,'Kristina Boot',2147483647,'4188 Sutteridge Street',58,4),
(845,'Papagena Hunte',2147483647,'535 Hallows Place',59,5),
(846,'Kingsley Mongenot',2147483647,'7 Columbus Avenue',60,6),
(847,'Ericka Jesse',2147483647,'08422 Lunder Plaza',61,7),
(848,'Zena Clarycott',2147483647,'3462 Canary Court',62,8),
(849,'Isahella Wilce',2147483647,'67155 Bobwhite Drive',63,9),
(850,'Granville Tunnock',2147483647,'1 Summer Ridge Center',64,10),
(851,'Lilith Finby',2147483647,'2904 Fieldstone Street',65,11),
(852,'Mikey Cassimer',2147483647,'95717 Oakridge Center',66,12),
(853,'Annette Brokenbrow',2147483647,'5 Packers Center',67,13),
(854,'Cate Kyme',2147483647,'955 Lukken Place',68,14),
(855,'Marie-ann Dohmann',1567746916,'82 Lakeland Alley',69,15),
(856,'Garrick O\'Kielt',2147483647,'12010 Debra Drive',70,16),
(857,'Garwood Forster',2147483647,'05 Novick Junction',71,17),
(858,'Raina Sporgeon',2147483647,'033 Anderson Street',72,18),
(859,'Howie Viollet',2147483647,'548 Dottie Plaza',73,19),
(860,'Shalna Muro',2147483647,'70318 Messerschmidt Lane',74,20),
(861,'Conney Selbie',1717876924,'54619 Charing Cross Circle',75,21),
(862,'Theresina Woolliams',2147483647,'26 Hagan Avenue',76,22),
(863,'Sheelah Brocks',2147483647,'875 Dunning Avenue',77,23),
(864,'Aurthur Young',2147483647,'59 Granby Drive',78,24),
(865,'Zacharias Reeder',2147483647,'2355 Butternut Plaza',79,25),
(866,'Mabel Duester',2147483647,'35913 Bluejay Drive',80,26),
(867,'Cynthia Gearty',2147483647,'60 Nevada Way',81,27),
(868,'Zachery Luthwood',2147483647,'2641 School Terrace',82,28),
(869,'Robin Chuck',1697843364,'5569 Knutson Point',83,29),
(870,'Marika Marzello',2147483647,'69 Luster Crossing',84,30),
(871,'Candy Aurelius',2147483647,'00208 Thompson Avenue',85,31),
(872,'Wolfy Sandercock',2147483647,'6 La Follette Crossing',86,32),
(873,'Jethro Colhoun',2147483647,'032 Sunbrook Parkway',87,33),
(874,'Benoit Springate',2147483647,'868 Lyons Pass',88,34),
(875,'Gunar Joynt',2147483647,'730 Artisan Trail',89,35),
(876,'Murielle Evamy',2147483647,'694 Warner Lane',90,36),
(877,'Caty Kivlehan',1694564556,'7742 Dottie Circle',91,37),
(878,'Katharina Barnhill',2147483647,'58 Morning Terrace',92,38),
(879,'Durand Janisson',1579486288,'00681 Petterle Street',93,39),
(880,'Cordey Jakeman',2147483647,'59253 Roth Terrace',1,40),
(881,'Dianna Zecchii',2147483647,'352 Maple Plaza',2,41),
(882,'Terrijo Romaynes',2147483647,'32 Farmco Road',3,42),
(883,'Bernardina Ailmer',2147483647,'2 Derek Road',4,43),
(884,'Georgina Felton',2147483647,'2122 Portage Road',5,44),
(885,'Artemas Fist',2147483647,'819 Russell Plaza',6,45),
(886,'Avie Benz',2147483647,'761 Carpenter Lane',7,46),
(887,'Reggi Ceresa',1828792927,'0462 Michigan Lane',8,47),
(888,'Gaylene Terron',2147483647,'455 Sachtjen Center',9,48),
(889,'Kimbra Frunks',2147483647,'1675 East Parkway',10,49),
(890,'Cristine Rowat',2147483647,'0 Miller Street',21,50),
(891,'Lanae Wigzell',2147483647,'8 Hanson Trail',22,51),
(892,'Rivi Bangiard',2147483647,'4473 Florence Parkway',23,52),
(893,'Hayes Danielkiewicz',1525179453,'0 Moose Trail',2,53),
(894,'Esma Lethardy',2147483647,'7160 Twin Pines Way',3,54),
(895,'Barbee Webber',2147483647,'3 Clarendon Place',4,55),
(896,'Justen Mil',2147483647,'20 Meadow Valley Park',5,56),
(897,'Felizio Cains',2147483647,'279 Summer Ridge Parkway',6,57),
(898,'Nicol Attenbrough',1987589766,'794 Leroy Pass',7,58),
(899,'Johannes Dyers',2147483647,'65312 Hudson Junction',8,59),
(900,'Alleyn Mandre',2147483647,'58 Longview Lane',9,60),
(901,'Meridel Dregan',2147483647,'272 Trailsway Avenue',10,61),
(902,'Pennie Leeman',2147483647,'9172 Independence Point',11,62),
(903,'Darline Heller',2147483647,'1 Fair Oaks Center',12,63),
(904,'Daloris Snowling',2147483647,'9 Mallory Hill',13,64),
(905,'Tedi Weich',2147483647,'06238 Bayside Place',14,65),
(906,'Mord Lamplough',1609764253,'66 Morning Hill',15,66),
(907,'Angele Fearon',2147483647,'56814 Springview Drive',16,67),
(908,'Rozalin Christophle',2147483647,'1 Grasskamp Alley',17,68),
(909,'Stinky Banghe',2147483647,'97 Reinke Avenue',18,69),
(910,'Dietrich Goadby',2147483647,'04 Bunting Pass',19,70),
(911,'Modesta Gascone',1111238376,'9 Jenifer Alley',20,71),
(912,'Lyndsay Bolesworth',2147483647,'82 Sunfield Court',21,72),
(913,'Gene Puttock',2147483647,'680 Doe Crossing Lane',22,73),
(914,'Cale Foukx',2147483647,'789 Havey Parkway',23,74),
(915,'Thane Sprigings',1454929736,'44598 Nevada Drive',24,75),
(916,'Britt Olivetta',2147483647,'07326 Vidon Center',25,76),
(917,'Hilary Liggett',2147483647,'7386 Dunning Street',26,77),
(918,'Kaycee Madden',1708557091,'6 Prairieview Hill',27,78),
(919,'Burk Claw',1029059930,'99672 Elgar Place',28,79),
(920,'Josy Gras',2147483647,'4855 Waywood Road',29,80),
(921,'Felecia Froud',2147483647,'949 Sugar Point',30,81),
(922,'Kelli Dunderdale',2147483647,'67 Park Meadow Crossing',31,82),
(923,'Cosme Norval',2147483647,'37690 Susan Terrace',32,83),
(924,'Cornelle Braznell',2147483647,'31554 Delaware Park',33,84),
(925,'Asia Dwane',2147483647,'269 Dottie Alley',34,85),
(926,'Aeriela Bindin',2147483647,'9 Ronald Regan Place',35,86),
(927,'Mame Daye',2147483647,'986 Karstens Point',36,87),
(928,'Zackariah Wildman',2147483647,'985 Dawn Way',37,88),
(929,'Fredericka Jewise',2147483647,'5 Trailsway Junction',38,89),
(930,'Osgood Maffiotti',2147483647,'78242 Riverside Alley',39,90),
(931,'Cecilius Volcker',1384998451,'7 Norway Maple Park',40,91),
(932,'Mirabel Bracegirdle',2147483647,'6636 Kensington Plaza',41,92),
(933,'Elvina Turl',2147483647,'46615 Elgar Center',42,93),
(934,'Silvain Jewise',2147483647,'9491 Troy Pass',43,94),
(935,'Jacob Coudray',2147483647,'9 Little Fleur Center',44,95),
(936,'Kiele Wholesworth',2147483647,'527 Buena Vista Hill',45,96),
(937,'Raymond Stuck',2147483647,'23 Butterfield Junction',46,97),
(938,'Ronnie Stilling',2147483647,'83549 Warner Road',47,98),
(939,'Ethelyn Shirley',2147483647,'2 Tomscot Parkway',48,99),
(940,'Bartolemo Braune',2147483647,'2962 Esker Circle',49,100),
(941,'Pammi Elen',2147483647,'78781 Elka Alley',50,101),
(942,'Pippy Mantram',2147483647,'4487 Dennis Pass',51,102),
(943,'Darin Sowter',2147483647,'494 Stephen Court',52,103),
(944,'Gregor Cashen',2147483647,'78 Farragut Plaza',53,104),
(945,'Gradeigh Duding',2147483647,'01921 Browning Alley',54,105),
(946,'Ferdinanda Blann',2147483647,'6159 Independence Terrace',55,106),
(947,'Linn Zorzenoni',2147483647,'29449 Center Junction',56,107),
(948,'Isac Merryweather',2147483647,'131 Trailsway Point',57,108),
(949,'Norrie Shewery',2147483647,'79765 Morning Center',58,109),
(950,'Ula Charon',2147483647,'4754 Monument Circle',59,110),
(951,'Maure Tock',2147483647,'335 Sachtjen Circle',60,111),
(952,'Horatio Joire',2147483647,'77575 Esch Alley',61,112),
(953,'Denyse Willshee',2147483647,'05 Mosinee Parkway',62,113),
(954,'Hall Lampart',1194047635,'673 High Crossing Street',63,114),
(955,'Dollie Borzoni',2147483647,'90315 Buell Alley',64,115),
(956,'Judy Klaff',2147483647,'72527 Almo Junction',65,116),
(957,'Coop Brackenbury',2147483647,'3 Daystar Trail',66,117),
(958,'Tyne Stavers',1435881648,'3802 Texas Circle',67,118),
(959,'Marjorie Bullock',1779315122,'43 Warbler Terrace',68,119),
(960,'Amber Dugood',2147483647,'56 Morningstar Junction',69,120),
(961,'Gratia Boxer',2147483647,'96174 Prentice Court',70,121),
(962,'Fulton Stit',2147483647,'2 Riverside Avenue',71,122),
(963,'Jenelle Dunstan',2147483647,'64 Dwight Crossing',72,123),
(964,'Maegan McCay',2147483647,'1 Riverside Terrace',73,124),
(965,'Ruby Conn',2147483647,'73 Bartelt Terrace',74,125),
(966,'Amelita Rheaume',2147483647,'55 Ramsey Point',75,126),
(967,'Berke Howes',2147483647,'288 Hovde Junction',76,127),
(968,'Maxie Gifford',2147483647,'1 Ludington Terrace',77,128),
(969,'Allison Tommis',2147483647,'7278 Lindbergh Road',78,129),
(970,'Herc Brownsword',2147483647,'72751 Londonderry Road',79,130),
(971,'Simona Forlong',2147483647,'38193 Monica Pass',80,131),
(972,'Loralyn Gerlack',2147483647,'15 Derek Hill',81,132),
(973,'Ericha Cloake',2147483647,'898 Mallard Park',82,133),
(974,'Bondy Dreossi',2147483647,'9 Cherokee Crossing',83,134),
(975,'Margie Spowage',2147483647,'70 Vahlen Pass',84,135),
(976,'Jeane De Bernardis',2147483647,'1 Kipling Way',85,136),
(977,'Arlin Rains',2147483647,'7 Straubel Junction',86,137),
(978,'Antonia Blethin',2147483647,'8 Hoepker Trail',87,138),
(979,'Giuditta Worsom',2147483647,'0248 Transport Street',88,139),
(980,'Allis Parcall',2147483647,'4829 Blackbird Lane',89,140),
(981,'Pieter Gaynor',2147483647,'31 Armistice Terrace',90,141),
(982,'Rani Franklyn',2147483647,'1 Canary Drive',91,142),
(983,'Orlando Faltskog',2147483647,'535 Sunfield Crossing',92,143),
(984,'Danice Arunowicz',2147483647,'2130 Logan Trail',93,144),
(985,'Ingram Poplee',1365522848,'6592 Prairieview Trail',12,145),
(986,'Joletta Saill',2147483647,'5506 Park Meadow Lane',13,146),
(987,'Vinita Askey',2147483647,'7 Susan Road',14,147),
(988,'Teresita Norcutt',2147483647,'34448 Lake View Crossing',15,148),
(989,'Willette Bruin',1808650826,'716 Vermont Parkway',16,149),
(990,'Debor Pecht',2147483647,'9 Rigney Parkway',17,150),
(991,'Billy Joddins',2147483647,'87774 Melody Junction',18,151),
(992,'Travers Livings',2147483647,'345 Waywood Trail',19,152),
(993,'Cletis Umbert',1601430969,'819 Dryden Point',20,153),
(994,'Vaughn Edgerton',2147483647,'19133 Washington Way',21,154),
(995,'Ferdie Pauler',2147483647,'18209 Village Green Terrace',22,155),
(996,'Dianne Juares',2147483647,'6 Lotheville Road',23,156),
(997,'Shurlock Larrington',2147483647,'55415 Pankratz Trail',24,157),
(998,'Cristionna Llewelyn',2147483647,'3 Di Loreto Junction',25,158),
(999,'Eloise Hamill',2147483647,'90 Kings Lane',26,159),
(1000,'Peyter Windus',2147483647,'04152 Helena Court',27,160);

/*!40101 SET SQL_MODE=@OLD_SQL_MODE */;
/*!40014 SET FOREIGN_KEY_CHECKS=@OLD_FOREIGN_KEY_CHECKS */;
/*!40014 SET UNIQUE_CHECKS=@OLD_UNIQUE_CHECKS */;
/*!40111 SET SQL_NOTES=@OLD_SQL_NOTES */;
